Minute,Predicted,Actual,Error,Pct_Error
60,1564992.9375,1565494,-501.0625,0.032006670099023055
61,1565693.1875,1565494,199.1875,0.012723619509241174
62,1565625.1875,1565797,-171.8125,0.010972846416234033
63,1570970.0625,1565850,5120.0625,0.326982948558291
64,1593231.0,1593697,-466.0,0.029240188065861955
65,1593597.75,1593898,-300.25,0.01883746638743508
66,1593908.3125,1594057,-148.6875,0.009327615010002779
67,1594338.0625,1594057,281.0625,0.017631897730131355
68,1593826.3125,1594138,-311.6875,0.019552102766510805
69,1602779.125,1602852,-72.875,0.004546583215418516
70,1602962.3125,1603000,-37.6875,0.002351060511540861
71,1603240.6875,1603032,208.6875,0.013018299073256181
72,1603348.6875,1603032,316.6875,0.01975553201682811
73,1604241.8125,1603032,1209.8125,0.07547026509763997
74,1651443.1875,1651851,-407.8125,0.02468821340423561
75,1648796.4375,1651953,-3156.5625,0.19108064817824721
76,1650460.8125,1651953,-1492.1875,0.09032868973875165
77,1651472.4375,1651953,-480.5625,0.029090567346649693
78,1651770.875,1651953,-182.125,0.011024829398899363
79,1671270.5625,1671123,147.5625,0.008830139971743553
80,1670715.1875,1671152,-436.8125,0.02613840632090917
81,1671050.125,1671152,-101.875,0.006096094191312341
82,1671676.75,1671152,524.75,0.03140049498788859
83,1670783.625,1671152,-368.375,0.022043177400978487
84,1693150.5625,1692721,429.5625,0.025377040870881853
85,1692779.9375,1692721,58.9375,0.00348182009911852
86,1692526.8125,1692721,-194.1875,0.011471914154783925
87,1692834.25,1692721,113.25,0.006690411473597835
88,1692921.9375,1692721,200.9375,0.011870680401554656
89,1715643.6875,1715623,20.6875,0.001205830185302948
90,1715332.25,1715623,-290.75,0.01694719644117618
91,1715574.8125,1715623,-48.1875,0.0028087464437117015
92,1715862.125,1715623,239.125,0.013938085465163385
93,1715312.4375,1715623,-310.5625,0.018102024745529757
94,1758403.125,1758117,286.125,0.016274514153494905
95,1758506.125,1758117,389.125,0.022133054853573454
96,1758509.25,1758117,392.25,0.02231080184083312
97,1760990.25,1758117,2873.25,0.16342768996602614
98,1763286.5625,1758117,5169.5625,0.294039731144173
99,1777491.1875,1777403,88.1875,0.004961592840790749
100,1776883.25,1777403,-519.75,0.029242102100649092
101,1777458.0625,1777403,55.0625,0.0030979187049869953
102,1778206.4375,1777403,803.4375,0.04520288870897596
103,1777490.125,1777403,87.125,0.0049018146137932705
104,1800539.125,1800699,-159.875,0.008878496628253806
105,1792863.875,1800699,-7835.125,0.4351157522717567
106,1800077.25,1800699,-621.75,0.03452825819306836
107,1799061.25,1800699,-1637.75,0.09095079188692835
108,1800356.1875,1800699,-342.8125,0.019037745897565333
109,1804098.25,1803962,136.25,0.007552819848755129
110,1804174.625,1803962,212.625,0.011786556479571077
111,1804927.9375,1803962,965.9375,0.05354533521216079
112,1807090.75,1803962,3128.75,0.17343768882049623
113,1804378.0625,1803962,416.0625,0.02306381730879032
114,1852536.4375,1852685,-148.5625,0.008018767356566281
115,1852518.0625,1852685,-166.9375,0.009010571144042296
116,1852463.125,1852685,-221.875,0.01197586205965936
117,1852434.25,1852685,-250.75,0.013534410868550239
118,1853129.375,1852685,444.375,0.023985458942021982
119,1907791.625,1908069,-277.375,0.014536948087307116
120,1891028.1875,1908149,-17120.8125,0.8972471489385786
121,1907853.6875,1908149,-295.3125,0.015476385753942695
122,1908593.5,1908149,444.5,0.023294826557045598
123,1907699.8125,1908149,-449.1875,0.023540483473774847
124,1965562.5625,1965654,-91.4375,0.004651759668792168
125,1964980.25,1965654,-673.75,0.03427612387531071
126,1966149.875,1965654,495.875,0.025226972803962446
127,1966120.25,1965654,466.25,0.02371984082651372
128,1965620.0,1965654,-34.0,0.00172970421040529
129,2015084.75,2014827,257.75,0.012792661603204641
130,2013933.6875,2014827,-893.3125,0.04433693314612123
131,2010357.75,2014827,-4469.25,0.22181805187244363
132,2015019.375,2014827,192.375,0.009547966152925288
133,2015429.5625,2014827,602.5625,0.02990641380128418
134,2074712.25,2074949,-236.75,0.011409918990780015
135,2075226.6875,2074949,277.6875,0.013382859048583846
136,2074986.0625,2074949,37.0625,0.0017861884798132388
137,2074845.4375,2074949,-103.5625,0.004991086527909843
138,2074726.5,2074949,-222.5,0.010723155123330741
139,2083887.5625,2086777,-2889.4375,0.13846412434102925
140,2108294.8125,2108368,-73.1875,0.0034712867962329156
141,2104425.1875,2108368,-3942.8125,0.18700779465444364
142,2108986.6875,2108368,618.6875,0.029344379159615398
143,2110367.8125,2108368,1999.8125,0.09485120718963672
144,2153493.25,2154138,-644.75,0.0299307658098042
145,2142622.4375,2154138,-11515.5625,0.5345786806601991
146,2154255.6875,2154138,117.6875,0.0054633222198392116
147,2153025.4375,2154138,-1112.5625,0.05164768923810823
148,2152418.6875,2154138,-1719.3125,0.07981440836195267
149,2166901.125,2179216,-12314.875,0.565105753628828
150,2180075.9375,2179216,859.9375,0.03946086574254227
151,2179412.625,2179216,196.625,0.009022740288250453
152,2178510.0625,2179216,-705.9375,0.03239410411817828
153,2179292.5625,2179216,76.5625,0.0035133047848400524
154,2180112.5625,2179216,896.5625,0.04114151603145351
155,2209482.9375,2213285,-3802.0625,0.1717836835292337
156,2212575.4375,2213285,-709.5625,0.03205924677572025
157,2213081.875,2213285,-203.125,0.009177534750382351
158,2212989.75,2213285,-295.25,0.01333989974178653
159,2213630.125,2213285,345.125,0.01559333750511118
160,2235971.9375,2235861,110.9375,0.004961735098917151
161,2235246.3125,2235861,-614.6875,0.027492205463577564
162,2235293.375,2235861,-567.625,0.025387311644149615
163,2236355.3125,2235861,494.3125,0.022108373463287742
164,2236021.5625,2235861,160.5625,0.007181238010770794
165,2274227.25,2273902,325.25,0.014303606751742158
166,2273757.5,2273902,-144.5,0.006354715374717115
167,2274041.1875,2273902,139.1875,0.006121086132999575
168,2273853.8125,2273902,-48.1875,0.0021191546513438133
169,2280389.0,2273902,6487.0,0.28528054419231785
170,2292144.3125,2291728,416.3125,0.0181658774514253
171,2291347.1875,2291730,-382.8125,0.01670408381441095
172,2291722.4375,2291730,-7.5625,0.00032999088025203663
173,2293487.6875,2291730,1757.6875,0.0766969712837027
174,2292440.625,2291730,710.625,0.031008233954261628
175,2332310.625,2333386,-1075.375,0.046086459762765354
176,2333200.75,2333386,-185.25,0.007939106517310038
177,2331798.5625,2333386,-1587.4375,0.06803150014613955
178,2333582.625,2333386,196.625,0.00842659551398697
179,2333734.5625,2333386,348.5625,0.014938055683885992
180,2356074.4375,2356825,-750.5625,0.03184633988522695
181,2357591.0,2356825,766.0,0.03250135245510379
182,2357213.5625,2356825,388.5625,0.016486692902527765
183,2357166.25,2356825,341.25,0.014479225228856618
184,2366468.4375,2356825,9643.4375,0.4091707063528263
185,2381478.6875,2402444,-20965.3125,0.8726660226003188
186,2401930.25,2402444,-513.75,0.021384473477841733
187,2402876.0625,2402444,432.0625,0.017984290164515804
188,2402316.5625,2402444,-127.4375,0.005304494090184828
189,2402409.625,2402444,-34.375,0.0014308346000988994
190,2436667.3125,2436917,-249.6875,0.010246040386274954
191,2436699.875,2436917,-217.125,0.008909823354673139
192,2437530.625,2436917,613.625,0.025180381605118273
193,2436585.375,2436917,-331.625,0.013608383051207736
194,2437229.5625,2436917,312.5625,0.01282614467378249
195,2491623.125,2492365,-741.875,0.02976590507409629
196,2492512.8125,2492365,147.8125,0.005930612089320786
197,2492691.875,2492365,326.875,0.013115053373001145
198,2492445.75,2492365,80.75,0.00323989463822514
199,2492303.75,2492365,-61.25,0.002457505220944765
200,2515059.9375,2515188,-128.0625,0.005091567707861202
201,2515298.6875,2515188,110.6875,0.004400764475657486
202,2516077.3125,2515188,889.3125,0.03535769493175063
203,2519437.0625,2515188,4249.0625,0.16893617892579005
204,2516070.0,2515188,882.0,0.035066961197333955
205,2567979.625,2568054,-74.375,0.002896161840833565
206,2568001.9375,2568054,-52.0625,0.0020273132885834954
207,2567180.0625,2568054,-873.9375,0.03403111850451743
208,2567180.0625,2568054,-873.9375,0.03403111850451743
209,2567267.1875,2568054,-786.8125,0.030638471776683825
210,2592453.9375,2592247,206.9375,0.007982939125785467
211,2592182.375,2592247,-64.625,0.002493010889780179
212,2592065.5625,2592247,-181.4375,0.0069992365696633085
213,2593192.25,2592247,945.25,0.03646450357546947
214,2611951.125,2592247,19704.125,0.7601175736725706
215,2640175.9375,2640181,-5.0625,0.00019174821726237708
216,2640334.375,2640181,153.375,0.0058092608044675725
217,2640334.375,2640181,153.375,0.0058092608044675725
218,2640334.375,2640181,153.375,0.0058092608044675725
219,2640285.5625,2640181,104.5625,0.003960429228147616
220,2659822.9375,2667271,-7448.0625,0.27923906119775604
221,2667230.3125,2667271,-40.6875,0.0015254355481688962
222,2667230.3125,2667271,-40.6875,0.0015254355481688962
223,2667230.3125,2667271,-40.6875,0.0015254355481688962
224,2665643.125,2667271,-1627.875,0.06103148124056386
225,2698343.125,2704096,-5752.875,0.21274669982130814
226,2698644.375,2704449,-5804.625,0.21463244453861027
227,2704361.125,2704449,-87.875,0.003249275545591727
228,2704361.125,2704449,-87.875,0.003249275545591727
229,2704478.1875,2704449,29.1875,0.0010792401705486034
230,2729560.875,2729613,-52.125,0.0019096113624898477
231,2729465.0,2729613,-148.0,0.005422014036422013
232,2729465.0,2729613,-148.0,0.005422014036422013
233,2729517.0625,2729613,-95.9375,0.0035146923758056546
234,2729678.5,2729613,65.5,0.002399607563416499
235,2760548.0,2760643,-95.0,0.003441227279296889
236,2760218.25,2760643,-424.75,0.015385908282961614
237,2760218.25,2760643,-424.75,0.015385908282961614
238,2760218.25,2760643,-424.75,0.015385908282961614
239,2748533.5,2760643,-12109.5,0.43864780777521756
240,2772007.8125,2771831,176.8125,0.006378906217586858
241,2772419.375,2771831,588.375,0.02122694348970049
242,2774037.0625,2771831,2206.0625,0.07958863653664311
243,2770619.75,2771831,-1211.25,0.04369855160722281
244,2771556.75,2771831,-274.25,0.009894181860293791
245,2791640.875,2791845,-204.125,0.00731147323723201
246,2794012.25,2792188,1824.25,0.06533406776334545
247,2794012.25,2792188,1824.25,0.06533406776334545
248,2792634.25,2792188,446.25,0.015982090031187012
249,2791902.0625,2792188,-285.9375,0.010240624914941258
250,2798556.1875,2798415,141.1875,0.005045266695611623
251,2800618.25,2798469,2149.25,0.07680092221854164
252,2798689.25,2798469,220.25,0.007870374837098428
253,2795889.25,2798469,-2579.75,0.09218433364814833
254,2798620.8125,2798469,151.8125,0.0054248412256844725
255,2822149.3125,2822319,-169.6875,0.006012343041307521
256,2822708.625,2822319,389.625,0.013805136839598926
257,2822804.5,2822319,485.5,0.017202166020212455
258,2821583.8125,2822319,-735.1875,0.026049057530350042
259,2822354.625,2822319,35.625,0.0012622598650258881
260,2840049.9375,2845276,-5226.0625,0.18367506350877735
261,2845938.5,2845276,662.5,0.023284208632132698
262,2844265.1875,2845276,-1010.8125,0.03552599115164926
263,2844265.1875,2845276,-1010.8125,0.03552599115164926
264,2845546.5625,2845276,270.5625,0.00950918294042476
265,2869675.5,2869838,-162.5,0.005662340522357011
266,2870328.4375,2869838,490.4375,0.017089379261129023
267,2870455.1875,2869838,617.1875,0.021506004868567494
268,2868783.375,2869838,-1054.625,0.036748589990097
269,2881322.0625,2869838,11484.0625,0.40016413818480345
270,2880782.875,2880978,-195.125,0.006772873656098728
271,2881730.625,2880978,752.625,0.026123941244952237
272,2881239.1875,2880978,261.1875,0.009065931777333948
273,2881239.1875,2880978,261.1875,0.009065931777333948
274,2881153.8125,2880978,175.8125,0.006102528377516246
275,2896676.0625,2896442,234.0625,0.008081035283979448
276,2896782.3125,2896492,290.3125,0.010022900115035704
277,2898669.25,2896492,2177.25,0.0751685141888878
278,2895493.5,2896492,-998.5,0.03447273460448018
279,2890814.4375,2896492,-5677.5625,0.19601512795478118
280,2905660.75,2905807,-146.25,0.005033025249096035
281,2905814.0,2905807,7.0,0.00024089693499946828
282,2905919.625,2905807,112.625,0.0038758596149021597
283,2905919.625,2905807,112.625,0.0038758596149021597
284,2905750.875,2905807,-56.125,0.0019314772109778797
285,2917422.9375,2917660,-237.0625,0.008125089969359007
286,2918268.8125,2918416,-147.1875,0.005043403681997357
287,2918758.8125,2918416,342.8125,0.01174652619777304
288,2918758.8125,2918416,342.8125,0.01174652619777304
289,2918170.4375,2918416,-245.5625,0.008414239094083915
290,2933685.1875,2933452,233.1875,0.007949252280248661
291,2933472.625,2933452,20.625,0.0007030965565483941
292,2933520.25,2933452,68.25,0.0023266104234874133
293,2933696.6875,2933452,244.6875,0.00834128187541504
