video_id,video_name,timestamp,views,view_gain,likes,comments,minutes_from_start,hours_from_start
dQw4w9WgXcQ,Rick Roll,2026-07-30 21:28:16,1798246481,17467.0,19285299,2446436,0.0,0.0
dQw4w9WgXcQ,Rick Roll,2026-07-30 22:16:41,1798261302,32288.0,19285383,2446445,48.416666666666664,0.8069444444444444
dQw4w9WgXcQ,Rick Roll,2026-07-30 23:19:10,1798281678,52664.0,19285426,2446459,110.9,1.8483333333333334
dQw4w9WgXcQ,Rick Roll,2026-07-31 00:17:29,1798297691,68677.0,19285440,2446467,169.21666666666667,2.8202777777777777
dQw4w9WgXcQ,Rick Roll,2026-07-31 01:57:39,1798224898,,19285196,2446420,269.3833333333333,4.489722222222222
dQw4w9WgXcQ,Rick Roll,2026-07-31 02:01:27,1798226559,1661.0,19285204,2446421,273.18333333333334,4.553055555555556
dQw4w9WgXcQ,Rick Roll,2026-07-31 02:06:43,1798229014,2455.0,19285208,2446423,278.45,4.640833333333333
dQw4w9WgXcQ,Rick Roll,2026-07-31 03:53:48,1798353757,124743.0,19285970,2446596,385.53333333333336,6.425555555555556
dQw4w9WgXcQ,Rick Roll,2026-07-31 06:34:01,1798404959,51202.0,19286962,2446859,545.75,9.095833333333333
