Growth_1,Growth_2,Growth_3,Growth_4,Growth_5,Growth_6,Growth_7,Growth_8,Growth_9,Growth_10,Growth_11,Growth_12,Growth_13,Growth_14,Growth_15,Growth_16,Growth_17,Growth_18,Growth_19,Growth_20,Growth_21,Growth_22,Growth_23,Growth_24,Growth_25,Growth_26,Growth_27,Growth_28,Growth_29,Growth_30,Growth_31,Growth_32,Growth_33,Growth_34,Growth_35,Growth_36,Growth_37,Growth_38,Growth_39,Growth_40,Growth_41,Growth_42,Growth_43,Growth_44,Growth_45,Growth_46,Growth_47,Growth_48,Growth_49,Growth_50,Growth_51,Growth_52,Growth_53,Growth_54,Growth_55,Growth_56,Growth_57,Growth_58,Growth_59,Growth_60,Growth_61,Growth_62,Growth_63,Growth_64,Growth_65,Growth_66,Growth_67,Growth_68,Growth_69,Growth_70,Growth_71,Growth_72,Growth_73,Growth_74,Growth_75,Growth_76,Growth_77,Growth_78,Growth_79,Growth_80,Growth_81,Growth_82,Growth_83,Growth_84,Growth_85,Growth_86,Growth_87,Growth_88,Growth_89,Growth_90,Growth_91,Growth_92,Growth_93,Growth_94,Growth_95,Growth_96,Growth_97,Growth_98,Growth_99,Growth_100,Growth_101,Growth_102,Growth_103,Growth_104,Growth_105,Growth_106,Growth_107,Growth_108,Growth_109,Growth_110,Growth_111,Growth_112,Growth_113,Growth_114,Growth_115,Growth_116,Growth_117,Growth_118,Growth_119,Growth_120,Current_Views,Target_Gain
5490,803,506,1450,164,4938,1011,724,364,938,20592,862,800,1014,485,23827,796,1218,672,573,17839,793,968,722,445,16201,735,1028,815,1133,20231,0,1308,917,755,584,13639,1162,976,1138,994,1539,1124,977,1033,1137,0,22559,1575,300,1234,1018,17938,915,924,1282,1332,32193,1197,1067,498,1266,19481,1799,1086,1417,295,24339,1327,1190,1183,952,8191,994,1225,1207,1144,24494,630,1427,1324,1445,14186,758,1599,1141,1330,18413,1471,725,1401,1149,7379,1039,967,1357,1185,10488,888,1339,1220,1271,8072,1284,1071,932,1138,20755,1312,768,885,995,13330,1152,1087,777,736,24991,1158,1023,1252689,655460
803,506,1450,164,4938,1011,724,364,938,20592,862,800,1014,485,23827,796,1218,672,573,17839,793,968,722,445,16201,735,1028,815,1133,20231,0,1308,917,755,584,13639,1162,976,1138,994,1539,1124,977,1033,1137,0,22559,1575,300,1234,1018,17938,915,924,1282,1332,32193,1197,1067,498,1266,19481,1799,1086,1417,295,24339,1327,1190,1183,952,8191,994,1225,1207,1144,24494,630,1427,1324,1445,14186,758,1599,1141,1330,18413,1471,725,1401,1149,7379,1039,967,1357,1185,10488,888,1339,1220,1271,8072,1284,1071,932,1138,20755,1312,768,885,995,13330,1152,1087,777,736,24991,1158,1023,1109,1253798,654351
506,1450,164,4938,1011,724,364,938,20592,862,800,1014,485,23827,796,1218,672,573,17839,793,968,722,445,16201,735,1028,815,1133,20231,0,1308,917,755,584,13639,1162,976,1138,994,1539,1124,977,1033,1137,0,22559,1575,300,1234,1018,17938,915,924,1282,1332,32193,1197,1067,498,1266,19481,1799,1086,1417,295,24339,1327,1190,1183,952,8191,994,1225,1207,1144,24494,630,1427,1324,1445,14186,758,1599,1141,1330,18413,1471,725,1401,1149,7379,1039,967,1357,1185,10488,888,1339,1220,1271,8072,1284,1071,932,1138,20755,1312,768,885,995,13330,1152,1087,777,736,24991,1158,1023,1109,643,1254441,653708
1450,164,4938,1011,724,364,938,20592,862,800,1014,485,23827,796,1218,672,573,17839,793,968,722,445,16201,735,1028,815,1133,20231,0,1308,917,755,584,13639,1162,976,1138,994,1539,1124,977,1033,1137,0,22559,1575,300,1234,1018,17938,915,924,1282,1332,32193,1197,1067,498,1266,19481,1799,1086,1417,295,24339,1327,1190,1183,952,8191,994,1225,1207,1144,24494,630,1427,1324,1445,14186,758,1599,1141,1330,18413,1471,725,1401,1149,7379,1039,967,1357,1185,10488,888,1339,1220,1271,8072,1284,1071,932,1138,20755,1312,768,885,995,13330,1152,1087,777,736,24991,1158,1023,1109,643,16509,1270950,694704
164,4938,1011,724,364,938,20592,862,800,1014,485,23827,796,1218,672,573,17839,793,968,722,445,16201,735,1028,815,1133,20231,0,1308,917,755,584,13639,1162,976,1138,994,1539,1124,977,1033,1137,0,22559,1575,300,1234,1018,17938,915,924,1282,1332,32193,1197,1067,498,1266,19481,1799,1086,1417,295,24339,1327,1190,1183,952,8191,994,1225,1207,1144,24494,630,1427,1324,1445,14186,758,1599,1141,1330,18413,1471,725,1401,1149,7379,1039,967,1357,1185,10488,888,1339,1220,1271,8072,1284,1071,932,1138,20755,1312,768,885,995,13330,1152,1087,777,736,24991,1158,1023,1109,643,16509,1576,1272526,693128
4938,1011,724,364,938,20592,862,800,1014,485,23827,796,1218,672,573,17839,793,968,722,445,16201,735,1028,815,1133,20231,0,1308,917,755,584,13639,1162,976,1138,994,1539,1124,977,1033,1137,0,22559,1575,300,1234,1018,17938,915,924,1282,1332,32193,1197,1067,498,1266,19481,1799,1086,1417,295,24339,1327,1190,1183,952,8191,994,1225,1207,1144,24494,630,1427,1324,1445,14186,758,1599,1141,1330,18413,1471,725,1401,1149,7379,1039,967,1357,1185,10488,888,1339,1220,1271,8072,1284,1071,932,1138,20755,1312,768,885,995,13330,1152,1087,777,736,24991,1158,1023,1109,643,16509,1576,1242,1273768,691886
1011,724,364,938,20592,862,800,1014,485,23827,796,1218,672,573,17839,793,968,722,445,16201,735,1028,815,1133,20231,0,1308,917,755,584,13639,1162,976,1138,994,1539,1124,977,1033,1137,0,22559,1575,300,1234,1018,17938,915,924,1282,1332,32193,1197,1067,498,1266,19481,1799,1086,1417,295,24339,1327,1190,1183,952,8191,994,1225,1207,1144,24494,630,1427,1324,1445,14186,758,1599,1141,1330,18413,1471,725,1401,1149,7379,1039,967,1357,1185,10488,888,1339,1220,1271,8072,1284,1071,932,1138,20755,1312,768,885,995,13330,1152,1087,777,736,24991,1158,1023,1109,643,16509,1576,1242,1075,1274843,690811
724,364,938,20592,862,800,1014,485,23827,796,1218,672,573,17839,793,968,722,445,16201,735,1028,815,1133,20231,0,1308,917,755,584,13639,1162,976,1138,994,1539,1124,977,1033,1137,0,22559,1575,300,1234,1018,17938,915,924,1282,1332,32193,1197,1067,498,1266,19481,1799,1086,1417,295,24339,1327,1190,1183,952,8191,994,1225,1207,1144,24494,630,1427,1324,1445,14186,758,1599,1141,1330,18413,1471,725,1401,1149,7379,1039,967,1357,1185,10488,888,1339,1220,1271,8072,1284,1071,932,1138,20755,1312,768,885,995,13330,1152,1087,777,736,24991,1158,1023,1109,643,16509,1576,1242,1075,585,1275428,690226
364,938,20592,862,800,1014,485,23827,796,1218,672,573,17839,793,968,722,445,16201,735,1028,815,1133,20231,0,1308,917,755,584,13639,1162,976,1138,994,1539,1124,977,1033,1137,0,22559,1575,300,1234,1018,17938,915,924,1282,1332,32193,1197,1067,498,1266,19481,1799,1086,1417,295,24339,1327,1190,1183,952,8191,994,1225,1207,1144,24494,630,1427,1324,1445,14186,758,1599,1141,1330,18413,1471,725,1401,1149,7379,1039,967,1357,1185,10488,888,1339,1220,1271,8072,1284,1071,932,1138,20755,1312,768,885,995,13330,1152,1087,777,736,24991,1158,1023,1109,643,16509,1576,1242,1075,585,15449,1290877,723950
938,20592,862,800,1014,485,23827,796,1218,672,573,17839,793,968,722,445,16201,735,1028,815,1133,20231,0,1308,917,755,584,13639,1162,976,1138,994,1539,1124,977,1033,1137,0,22559,1575,300,1234,1018,17938,915,924,1282,1332,32193,1197,1067,498,1266,19481,1799,1086,1417,295,24339,1327,1190,1183,952,8191,994,1225,1207,1144,24494,630,1427,1324,1445,14186,758,1599,1141,1330,18413,1471,725,1401,1149,7379,1039,967,1357,1185,10488,888,1339,1220,1271,8072,1284,1071,932,1138,20755,1312,768,885,995,13330,1152,1087,777,736,24991,1158,1023,1109,643,16509,1576,1242,1075,585,15449,1000,1291877,722950
20592,862,800,1014,485,23827,796,1218,672,573,17839,793,968,722,445,16201,735,1028,815,1133,20231,0,1308,917,755,584,13639,1162,976,1138,994,1539,1124,977,1033,1137,0,22559,1575,300,1234,1018,17938,915,924,1282,1332,32193,1197,1067,498,1266,19481,1799,1086,1417,295,24339,1327,1190,1183,952,8191,994,1225,1207,1144,24494,630,1427,1324,1445,14186,758,1599,1141,1330,18413,1471,725,1401,1149,7379,1039,967,1357,1185,10488,888,1339,1220,1271,8072,1284,1071,932,1138,20755,1312,768,885,995,13330,1152,1087,777,736,24991,1158,1023,1109,643,16509,1576,1242,1075,585,15449,1000,835,1292712,722115
862,800,1014,485,23827,796,1218,672,573,17839,793,968,722,445,16201,735,1028,815,1133,20231,0,1308,917,755,584,13639,1162,976,1138,994,1539,1124,977,1033,1137,0,22559,1575,300,1234,1018,17938,915,924,1282,1332,32193,1197,1067,498,1266,19481,1799,1086,1417,295,24339,1327,1190,1183,952,8191,994,1225,1207,1144,24494,630,1427,1324,1445,14186,758,1599,1141,1330,18413,1471,725,1401,1149,7379,1039,967,1357,1185,10488,888,1339,1220,1271,8072,1284,1071,932,1138,20755,1312,768,885,995,13330,1152,1087,777,736,24991,1158,1023,1109,643,16509,1576,1242,1075,585,15449,1000,835,1023,1293735,721092
800,1014,485,23827,796,1218,672,573,17839,793,968,722,445,16201,735,1028,815,1133,20231,0,1308,917,755,584,13639,1162,976,1138,994,1539,1124,977,1033,1137,0,22559,1575,300,1234,1018,17938,915,924,1282,1332,32193,1197,1067,498,1266,19481,1799,1086,1417,295,24339,1327,1190,1183,952,8191,994,1225,1207,1144,24494,630,1427,1324,1445,14186,758,1599,1141,1330,18413,1471,725,1401,1149,7379,1039,967,1357,1185,10488,888,1339,1220,1271,8072,1284,1071,932,1138,20755,1312,768,885,995,13330,1152,1087,777,736,24991,1158,1023,1109,643,16509,1576,1242,1075,585,15449,1000,835,1023,1102,1294837,719990
1014,485,23827,796,1218,672,573,17839,793,968,722,445,16201,735,1028,815,1133,20231,0,1308,917,755,584,13639,1162,976,1138,994,1539,1124,977,1033,1137,0,22559,1575,300,1234,1018,17938,915,924,1282,1332,32193,1197,1067,498,1266,19481,1799,1086,1417,295,24339,1327,1190,1183,952,8191,994,1225,1207,1144,24494,630,1427,1324,1445,14186,758,1599,1141,1330,18413,1471,725,1401,1149,7379,1039,967,1357,1185,10488,888,1339,1220,1271,8072,1284,1071,932,1138,20755,1312,768,885,995,13330,1152,1087,777,736,24991,1158,1023,1109,643,16509,1576,1242,1075,585,15449,1000,835,1023,1102,17251,1312088,762861
485,23827,796,1218,672,573,17839,793,968,722,445,16201,735,1028,815,1133,20231,0,1308,917,755,584,13639,1162,976,1138,994,1539,1124,977,1033,1137,0,22559,1575,300,1234,1018,17938,915,924,1282,1332,32193,1197,1067,498,1266,19481,1799,1086,1417,295,24339,1327,1190,1183,952,8191,994,1225,1207,1144,24494,630,1427,1324,1445,14186,758,1599,1141,1330,18413,1471,725,1401,1149,7379,1039,967,1357,1185,10488,888,1339,1220,1271,8072,1284,1071,932,1138,20755,1312,768,885,995,13330,1152,1087,777,736,24991,1158,1023,1109,643,16509,1576,1242,1075,585,15449,1000,835,1023,1102,17251,755,1312843,762106
23827,796,1218,672,573,17839,793,968,722,445,16201,735,1028,815,1133,20231,0,1308,917,755,584,13639,1162,976,1138,994,1539,1124,977,1033,1137,0,22559,1575,300,1234,1018,17938,915,924,1282,1332,32193,1197,1067,498,1266,19481,1799,1086,1417,295,24339,1327,1190,1183,952,8191,994,1225,1207,1144,24494,630,1427,1324,1445,14186,758,1599,1141,1330,18413,1471,725,1401,1149,7379,1039,967,1357,1185,10488,888,1339,1220,1271,8072,1284,1071,932,1138,20755,1312,768,885,995,13330,1152,1087,777,736,24991,1158,1023,1109,643,16509,1576,1242,1075,585,15449,1000,835,1023,1102,17251,755,918,1313761,761188
796,1218,672,573,17839,793,968,722,445,16201,735,1028,815,1133,20231,0,1308,917,755,584,13639,1162,976,1138,994,1539,1124,977,1033,1137,0,22559,1575,300,1234,1018,17938,915,924,1282,1332,32193,1197,1067,498,1266,19481,1799,1086,1417,295,24339,1327,1190,1183,952,8191,994,1225,1207,1144,24494,630,1427,1324,1445,14186,758,1599,1141,1330,18413,1471,725,1401,1149,7379,1039,967,1357,1185,10488,888,1339,1220,1271,8072,1284,1071,932,1138,20755,1312,768,885,995,13330,1152,1087,777,736,24991,1158,1023,1109,643,16509,1576,1242,1075,585,15449,1000,835,1023,1102,17251,755,918,668,1314429,760520
1218,672,573,17839,793,968,722,445,16201,735,1028,815,1133,20231,0,1308,917,755,584,13639,1162,976,1138,994,1539,1124,977,1033,1137,0,22559,1575,300,1234,1018,17938,915,924,1282,1332,32193,1197,1067,498,1266,19481,1799,1086,1417,295,24339,1327,1190,1183,952,8191,994,1225,1207,1144,24494,630,1427,1324,1445,14186,758,1599,1141,1330,18413,1471,725,1401,1149,7379,1039,967,1357,1185,10488,888,1339,1220,1271,8072,1284,1071,932,1138,20755,1312,768,885,995,13330,1152,1087,777,736,24991,1158,1023,1109,643,16509,1576,1242,1075,585,15449,1000,835,1023,1102,17251,755,918,668,984,1315413,759536
672,573,17839,793,968,722,445,16201,735,1028,815,1133,20231,0,1308,917,755,584,13639,1162,976,1138,994,1539,1124,977,1033,1137,0,22559,1575,300,1234,1018,17938,915,924,1282,1332,32193,1197,1067,498,1266,19481,1799,1086,1417,295,24339,1327,1190,1183,952,8191,994,1225,1207,1144,24494,630,1427,1324,1445,14186,758,1599,1141,1330,18413,1471,725,1401,1149,7379,1039,967,1357,1185,10488,888,1339,1220,1271,8072,1284,1071,932,1138,20755,1312,768,885,995,13330,1152,1087,777,736,24991,1158,1023,1109,643,16509,1576,1242,1075,585,15449,1000,835,1023,1102,17251,755,918,668,984,16659,1332072,754705
573,17839,793,968,722,445,16201,735,1028,815,1133,20231,0,1308,917,755,584,13639,1162,976,1138,994,1539,1124,977,1033,1137,0,22559,1575,300,1234,1018,17938,915,924,1282,1332,32193,1197,1067,498,1266,19481,1799,1086,1417,295,24339,1327,1190,1183,952,8191,994,1225,1207,1144,24494,630,1427,1324,1445,14186,758,1599,1141,1330,18413,1471,725,1401,1149,7379,1039,967,1357,1185,10488,888,1339,1220,1271,8072,1284,1071,932,1138,20755,1312,768,885,995,13330,1152,1087,777,736,24991,1158,1023,1109,643,16509,1576,1242,1075,585,15449,1000,835,1023,1102,17251,755,918,668,984,16659,1365,1333437,774931
17839,793,968,722,445,16201,735,1028,815,1133,20231,0,1308,917,755,584,13639,1162,976,1138,994,1539,1124,977,1033,1137,0,22559,1575,300,1234,1018,17938,915,924,1282,1332,32193,1197,1067,498,1266,19481,1799,1086,1417,295,24339,1327,1190,1183,952,8191,994,1225,1207,1144,24494,630,1427,1324,1445,14186,758,1599,1141,1330,18413,1471,725,1401,1149,7379,1039,967,1357,1185,10488,888,1339,1220,1271,8072,1284,1071,932,1138,20755,1312,768,885,995,13330,1152,1087,777,736,24991,1158,1023,1109,643,16509,1576,1242,1075,585,15449,1000,835,1023,1102,17251,755,918,668,984,16659,1365,610,1334047,774321
793,968,722,445,16201,735,1028,815,1133,20231,0,1308,917,755,584,13639,1162,976,1138,994,1539,1124,977,1033,1137,0,22559,1575,300,1234,1018,17938,915,924,1282,1332,32193,1197,1067,498,1266,19481,1799,1086,1417,295,24339,1327,1190,1183,952,8191,994,1225,1207,1144,24494,630,1427,1324,1445,14186,758,1599,1141,1330,18413,1471,725,1401,1149,7379,1039,967,1357,1185,10488,888,1339,1220,1271,8072,1284,1071,932,1138,20755,1312,768,885,995,13330,1152,1087,777,736,24991,1158,1023,1109,643,16509,1576,1242,1075,585,15449,1000,835,1023,1102,17251,755,918,668,984,16659,1365,610,987,1335034,773334
968,722,445,16201,735,1028,815,1133,20231,0,1308,917,755,584,13639,1162,976,1138,994,1539,1124,977,1033,1137,0,22559,1575,300,1234,1018,17938,915,924,1282,1332,32193,1197,1067,498,1266,19481,1799,1086,1417,295,24339,1327,1190,1183,952,8191,994,1225,1207,1144,24494,630,1427,1324,1445,14186,758,1599,1141,1330,18413,1471,725,1401,1149,7379,1039,967,1357,1185,10488,888,1339,1220,1271,8072,1284,1071,932,1138,20755,1312,768,885,995,13330,1152,1087,777,736,24991,1158,1023,1109,643,16509,1576,1242,1075,585,15449,1000,835,1023,1102,17251,755,918,668,984,16659,1365,610,987,938,1335972,772396
722,445,16201,735,1028,815,1133,20231,0,1308,917,755,584,13639,1162,976,1138,994,1539,1124,977,1033,1137,0,22559,1575,300,1234,1018,17938,915,924,1282,1332,32193,1197,1067,498,1266,19481,1799,1086,1417,295,24339,1327,1190,1183,952,8191,994,1225,1207,1144,24494,630,1427,1324,1445,14186,758,1599,1141,1330,18413,1471,725,1401,1149,7379,1039,967,1357,1185,10488,888,1339,1220,1271,8072,1284,1071,932,1138,20755,1312,768,885,995,13330,1152,1087,777,736,24991,1158,1023,1109,643,16509,1576,1242,1075,585,15449,1000,835,1023,1102,17251,755,918,668,984,16659,1365,610,987,938,18567,1354539,799599
445,16201,735,1028,815,1133,20231,0,1308,917,755,584,13639,1162,976,1138,994,1539,1124,977,1033,1137,0,22559,1575,300,1234,1018,17938,915,924,1282,1332,32193,1197,1067,498,1266,19481,1799,1086,1417,295,24339,1327,1190,1183,952,8191,994,1225,1207,1144,24494,630,1427,1324,1445,14186,758,1599,1141,1330,18413,1471,725,1401,1149,7379,1039,967,1357,1185,10488,888,1339,1220,1271,8072,1284,1071,932,1138,20755,1312,768,885,995,13330,1152,1087,777,736,24991,1158,1023,1109,643,16509,1576,1242,1075,585,15449,1000,835,1023,1102,17251,755,918,668,984,16659,1365,610,987,938,18567,521,1355060,799078
16201,735,1028,815,1133,20231,0,1308,917,755,584,13639,1162,976,1138,994,1539,1124,977,1033,1137,0,22559,1575,300,1234,1018,17938,915,924,1282,1332,32193,1197,1067,498,1266,19481,1799,1086,1417,295,24339,1327,1190,1183,952,8191,994,1225,1207,1144,24494,630,1427,1324,1445,14186,758,1599,1141,1330,18413,1471,725,1401,1149,7379,1039,967,1357,1185,10488,888,1339,1220,1271,8072,1284,1071,932,1138,20755,1312,768,885,995,13330,1152,1087,777,736,24991,1158,1023,1109,643,16509,1576,1242,1075,585,15449,1000,835,1023,1102,17251,755,918,668,984,16659,1365,610,987,938,18567,521,1032,1356092,798046
735,1028,815,1133,20231,0,1308,917,755,584,13639,1162,976,1138,994,1539,1124,977,1033,1137,0,22559,1575,300,1234,1018,17938,915,924,1282,1332,32193,1197,1067,498,1266,19481,1799,1086,1417,295,24339,1327,1190,1183,952,8191,994,1225,1207,1144,24494,630,1427,1324,1445,14186,758,1599,1141,1330,18413,1471,725,1401,1149,7379,1039,967,1357,1185,10488,888,1339,1220,1271,8072,1284,1071,932,1138,20755,1312,768,885,995,13330,1152,1087,777,736,24991,1158,1023,1109,643,16509,1576,1242,1075,585,15449,1000,835,1023,1102,17251,755,918,668,984,16659,1365,610,987,938,18567,521,1032,426,1356518,797620
1028,815,1133,20231,0,1308,917,755,584,13639,1162,976,1138,994,1539,1124,977,1033,1137,0,22559,1575,300,1234,1018,17938,915,924,1282,1332,32193,1197,1067,498,1266,19481,1799,1086,1417,295,24339,1327,1190,1183,952,8191,994,1225,1207,1144,24494,630,1427,1324,1445,14186,758,1599,1141,1330,18413,1471,725,1401,1149,7379,1039,967,1357,1185,10488,888,1339,1220,1271,8072,1284,1071,932,1138,20755,1312,768,885,995,13330,1152,1087,777,736,24991,1158,1023,1109,643,16509,1576,1242,1075,585,15449,1000,835,1023,1102,17251,755,918,668,984,16659,1365,610,987,938,18567,521,1032,426,907,1357425,796713
815,1133,20231,0,1308,917,755,584,13639,1162,976,1138,994,1539,1124,977,1033,1137,0,22559,1575,300,1234,1018,17938,915,924,1282,1332,32193,1197,1067,498,1266,19481,1799,1086,1417,295,24339,1327,1190,1183,952,8191,994,1225,1207,1144,24494,630,1427,1324,1445,14186,758,1599,1141,1330,18413,1471,725,1401,1149,7379,1039,967,1357,1185,10488,888,1339,1220,1271,8072,1284,1071,932,1138,20755,1312,768,885,995,13330,1152,1087,777,736,24991,1158,1023,1109,643,16509,1576,1242,1075,585,15449,1000,835,1023,1102,17251,755,918,668,984,16659,1365,610,987,938,18567,521,1032,426,907,37568,1394993,784223
1133,20231,0,1308,917,755,584,13639,1162,976,1138,994,1539,1124,977,1033,1137,0,22559,1575,300,1234,1018,17938,915,924,1282,1332,32193,1197,1067,498,1266,19481,1799,1086,1417,295,24339,1327,1190,1183,952,8191,994,1225,1207,1144,24494,630,1427,1324,1445,14186,758,1599,1141,1330,18413,1471,725,1401,1149,7379,1039,967,1357,1185,10488,888,1339,1220,1271,8072,1284,1071,932,1138,20755,1312,768,885,995,13330,1152,1087,777,736,24991,1158,1023,1109,643,16509,1576,1242,1075,585,15449,1000,835,1023,1102,17251,755,918,668,984,16659,1365,610,987,938,18567,521,1032,426,907,37568,629,1395622,783594
20231,0,1308,917,755,584,13639,1162,976,1138,994,1539,1124,977,1033,1137,0,22559,1575,300,1234,1018,17938,915,924,1282,1332,32193,1197,1067,498,1266,19481,1799,1086,1417,295,24339,1327,1190,1183,952,8191,994,1225,1207,1144,24494,630,1427,1324,1445,14186,758,1599,1141,1330,18413,1471,725,1401,1149,7379,1039,967,1357,1185,10488,888,1339,1220,1271,8072,1284,1071,932,1138,20755,1312,768,885,995,13330,1152,1087,777,736,24991,1158,1023,1109,643,16509,1576,1242,1075,585,15449,1000,835,1023,1102,17251,755,918,668,984,16659,1365,610,987,938,18567,521,1032,426,907,37568,629,175,1395797,783419
0,1308,917,755,584,13639,1162,976,1138,994,1539,1124,977,1033,1137,0,22559,1575,300,1234,1018,17938,915,924,1282,1332,32193,1197,1067,498,1266,19481,1799,1086,1417,295,24339,1327,1190,1183,952,8191,994,1225,1207,1144,24494,630,1427,1324,1445,14186,758,1599,1141,1330,18413,1471,725,1401,1149,7379,1039,967,1357,1185,10488,888,1339,1220,1271,8072,1284,1071,932,1138,20755,1312,768,885,995,13330,1152,1087,777,736,24991,1158,1023,1109,643,16509,1576,1242,1075,585,15449,1000,835,1023,1102,17251,755,918,668,984,16659,1365,610,987,938,18567,521,1032,426,907,37568,629,175,965,1396762,782454
1308,917,755,584,13639,1162,976,1138,994,1539,1124,977,1033,1137,0,22559,1575,300,1234,1018,17938,915,924,1282,1332,32193,1197,1067,498,1266,19481,1799,1086,1417,295,24339,1327,1190,1183,952,8191,994,1225,1207,1144,24494,630,1427,1324,1445,14186,758,1599,1141,1330,18413,1471,725,1401,1149,7379,1039,967,1357,1185,10488,888,1339,1220,1271,8072,1284,1071,932,1138,20755,1312,768,885,995,13330,1152,1087,777,736,24991,1158,1023,1109,643,16509,1576,1242,1075,585,15449,1000,835,1023,1102,17251,755,918,668,984,16659,1365,610,987,938,18567,521,1032,426,907,37568,629,175,965,780,1397542,781674
917,755,584,13639,1162,976,1138,994,1539,1124,977,1033,1137,0,22559,1575,300,1234,1018,17938,915,924,1282,1332,32193,1197,1067,498,1266,19481,1799,1086,1417,295,24339,1327,1190,1183,952,8191,994,1225,1207,1144,24494,630,1427,1324,1445,14186,758,1599,1141,1330,18413,1471,725,1401,1149,7379,1039,967,1357,1185,10488,888,1339,1220,1271,8072,1284,1071,932,1138,20755,1312,768,885,995,13330,1152,1087,777,736,24991,1158,1023,1109,643,16509,1576,1242,1075,585,15449,1000,835,1023,1102,17251,755,918,668,984,16659,1365,610,987,938,18567,521,1032,426,907,37568,629,175,965,780,25365,1422907,756309
755,584,13639,1162,976,1138,994,1539,1124,977,1033,1137,0,22559,1575,300,1234,1018,17938,915,924,1282,1332,32193,1197,1067,498,1266,19481,1799,1086,1417,295,24339,1327,1190,1183,952,8191,994,1225,1207,1144,24494,630,1427,1324,1445,14186,758,1599,1141,1330,18413,1471,725,1401,1149,7379,1039,967,1357,1185,10488,888,1339,1220,1271,8072,1284,1071,932,1138,20755,1312,768,885,995,13330,1152,1087,777,736,24991,1158,1023,1109,643,16509,1576,1242,1075,585,15449,1000,835,1023,1102,17251,755,918,668,984,16659,1365,610,987,938,18567,521,1032,426,907,37568,629,175,965,780,25365,753,1423660,789625
584,13639,1162,976,1138,994,1539,1124,977,1033,1137,0,22559,1575,300,1234,1018,17938,915,924,1282,1332,32193,1197,1067,498,1266,19481,1799,1086,1417,295,24339,1327,1190,1183,952,8191,994,1225,1207,1144,24494,630,1427,1324,1445,14186,758,1599,1141,1330,18413,1471,725,1401,1149,7379,1039,967,1357,1185,10488,888,1339,1220,1271,8072,1284,1071,932,1138,20755,1312,768,885,995,13330,1152,1087,777,736,24991,1158,1023,1109,643,16509,1576,1242,1075,585,15449,1000,835,1023,1102,17251,755,918,668,984,16659,1365,610,987,938,18567,521,1032,426,907,37568,629,175,965,780,25365,753,355,1424015,789270
13639,1162,976,1138,994,1539,1124,977,1033,1137,0,22559,1575,300,1234,1018,17938,915,924,1282,1332,32193,1197,1067,498,1266,19481,1799,1086,1417,295,24339,1327,1190,1183,952,8191,994,1225,1207,1144,24494,630,1427,1324,1445,14186,758,1599,1141,1330,18413,1471,725,1401,1149,7379,1039,967,1357,1185,10488,888,1339,1220,1271,8072,1284,1071,932,1138,20755,1312,768,885,995,13330,1152,1087,777,736,24991,1158,1023,1109,643,16509,1576,1242,1075,585,15449,1000,835,1023,1102,17251,755,918,668,984,16659,1365,610,987,938,18567,521,1032,426,907,37568,629,175,965,780,25365,753,355,1127,1425142,788143
1162,976,1138,994,1539,1124,977,1033,1137,0,22559,1575,300,1234,1018,17938,915,924,1282,1332,32193,1197,1067,498,1266,19481,1799,1086,1417,295,24339,1327,1190,1183,952,8191,994,1225,1207,1144,24494,630,1427,1324,1445,14186,758,1599,1141,1330,18413,1471,725,1401,1149,7379,1039,967,1357,1185,10488,888,1339,1220,1271,8072,1284,1071,932,1138,20755,1312,768,885,995,13330,1152,1087,777,736,24991,1158,1023,1109,643,16509,1576,1242,1075,585,15449,1000,835,1023,1102,17251,755,918,668,984,16659,1365,610,987,938,18567,521,1032,426,907,37568,629,175,965,780,25365,753,355,1127,247,1425389,787896
976,1138,994,1539,1124,977,1033,1137,0,22559,1575,300,1234,1018,17938,915,924,1282,1332,32193,1197,1067,498,1266,19481,1799,1086,1417,295,24339,1327,1190,1183,952,8191,994,1225,1207,1144,24494,630,1427,1324,1445,14186,758,1599,1141,1330,18413,1471,725,1401,1149,7379,1039,967,1357,1185,10488,888,1339,1220,1271,8072,1284,1071,932,1138,20755,1312,768,885,995,13330,1152,1087,777,736,24991,1158,1023,1109,643,16509,1576,1242,1075,585,15449,1000,835,1023,1102,17251,755,918,668,984,16659,1365,610,987,938,18567,521,1032,426,907,37568,629,175,965,780,25365,753,355,1127,247,20778,1446167,767118
1138,994,1539,1124,977,1033,1137,0,22559,1575,300,1234,1018,17938,915,924,1282,1332,32193,1197,1067,498,1266,19481,1799,1086,1417,295,24339,1327,1190,1183,952,8191,994,1225,1207,1144,24494,630,1427,1324,1445,14186,758,1599,1141,1330,18413,1471,725,1401,1149,7379,1039,967,1357,1185,10488,888,1339,1220,1271,8072,1284,1071,932,1138,20755,1312,768,885,995,13330,1152,1087,777,736,24991,1158,1023,1109,643,16509,1576,1242,1075,585,15449,1000,835,1023,1102,17251,755,918,668,984,16659,1365,610,987,938,18567,521,1032,426,907,37568,629,175,965,780,25365,753,355,1127,247,20778,744,1446911,788950
994,1539,1124,977,1033,1137,0,22559,1575,300,1234,1018,17938,915,924,1282,1332,32193,1197,1067,498,1266,19481,1799,1086,1417,295,24339,1327,1190,1183,952,8191,994,1225,1207,1144,24494,630,1427,1324,1445,14186,758,1599,1141,1330,18413,1471,725,1401,1149,7379,1039,967,1357,1185,10488,888,1339,1220,1271,8072,1284,1071,932,1138,20755,1312,768,885,995,13330,1152,1087,777,736,24991,1158,1023,1109,643,16509,1576,1242,1075,585,15449,1000,835,1023,1102,17251,755,918,668,984,16659,1365,610,987,938,18567,521,1032,426,907,37568,629,175,965,780,25365,753,355,1127,247,20778,744,538,1447449,788412
1539,1124,977,1033,1137,0,22559,1575,300,1234,1018,17938,915,924,1282,1332,32193,1197,1067,498,1266,19481,1799,1086,1417,295,24339,1327,1190,1183,952,8191,994,1225,1207,1144,24494,630,1427,1324,1445,14186,758,1599,1141,1330,18413,1471,725,1401,1149,7379,1039,967,1357,1185,10488,888,1339,1220,1271,8072,1284,1071,932,1138,20755,1312,768,885,995,13330,1152,1087,777,736,24991,1158,1023,1109,643,16509,1576,1242,1075,585,15449,1000,835,1023,1102,17251,755,918,668,984,16659,1365,610,987,938,18567,521,1032,426,907,37568,629,175,965,780,25365,753,355,1127,247,20778,744,538,638,1448087,787774
1124,977,1033,1137,0,22559,1575,300,1234,1018,17938,915,924,1282,1332,32193,1197,1067,498,1266,19481,1799,1086,1417,295,24339,1327,1190,1183,952,8191,994,1225,1207,1144,24494,630,1427,1324,1445,14186,758,1599,1141,1330,18413,1471,725,1401,1149,7379,1039,967,1357,1185,10488,888,1339,1220,1271,8072,1284,1071,932,1138,20755,1312,768,885,995,13330,1152,1087,777,736,24991,1158,1023,1109,643,16509,1576,1242,1075,585,15449,1000,835,1023,1102,17251,755,918,668,984,16659,1365,610,987,938,18567,521,1032,426,907,37568,629,175,965,780,25365,753,355,1127,247,20778,744,538,638,222,1448309,787552
977,1033,1137,0,22559,1575,300,1234,1018,17938,915,924,1282,1332,32193,1197,1067,498,1266,19481,1799,1086,1417,295,24339,1327,1190,1183,952,8191,994,1225,1207,1144,24494,630,1427,1324,1445,14186,758,1599,1141,1330,18413,1471,725,1401,1149,7379,1039,967,1357,1185,10488,888,1339,1220,1271,8072,1284,1071,932,1138,20755,1312,768,885,995,13330,1152,1087,777,736,24991,1158,1023,1109,643,16509,1576,1242,1075,585,15449,1000,835,1023,1102,17251,755,918,668,984,16659,1365,610,987,938,18567,521,1032,426,907,37568,629,175,965,780,25365,753,355,1127,247,20778,744,538,638,222,52496,1500805,735056
1033,1137,0,22559,1575,300,1234,1018,17938,915,924,1282,1332,32193,1197,1067,498,1266,19481,1799,1086,1417,295,24339,1327,1190,1183,952,8191,994,1225,1207,1144,24494,630,1427,1324,1445,14186,758,1599,1141,1330,18413,1471,725,1401,1149,7379,1039,967,1357,1185,10488,888,1339,1220,1271,8072,1284,1071,932,1138,20755,1312,768,885,995,13330,1152,1087,777,736,24991,1158,1023,1109,643,16509,1576,1242,1075,585,15449,1000,835,1023,1102,17251,755,918,668,984,16659,1365,610,987,938,18567,521,1032,426,907,37568,629,175,965,780,25365,753,355,1127,247,20778,744,538,638,222,52496,587,1501392,772510
1137,0,22559,1575,300,1234,1018,17938,915,924,1282,1332,32193,1197,1067,498,1266,19481,1799,1086,1417,295,24339,1327,1190,1183,952,8191,994,1225,1207,1144,24494,630,1427,1324,1445,14186,758,1599,1141,1330,18413,1471,725,1401,1149,7379,1039,967,1357,1185,10488,888,1339,1220,1271,8072,1284,1071,932,1138,20755,1312,768,885,995,13330,1152,1087,777,736,24991,1158,1023,1109,643,16509,1576,1242,1075,585,15449,1000,835,1023,1102,17251,755,918,668,984,16659,1365,610,987,938,18567,521,1032,426,907,37568,629,175,965,780,25365,753,355,1127,247,20778,744,538,638,222,52496,587,785,1502177,771725
0,22559,1575,300,1234,1018,17938,915,924,1282,1332,32193,1197,1067,498,1266,19481,1799,1086,1417,295,24339,1327,1190,1183,952,8191,994,1225,1207,1144,24494,630,1427,1324,1445,14186,758,1599,1141,1330,18413,1471,725,1401,1149,7379,1039,967,1357,1185,10488,888,1339,1220,1271,8072,1284,1071,932,1138,20755,1312,768,885,995,13330,1152,1087,777,736,24991,1158,1023,1109,643,16509,1576,1242,1075,585,15449,1000,835,1023,1102,17251,755,918,668,984,16659,1365,610,987,938,18567,521,1032,426,907,37568,629,175,965,780,25365,753,355,1127,247,20778,744,538,638,222,52496,587,785,657,1502834,771068
22559,1575,300,1234,1018,17938,915,924,1282,1332,32193,1197,1067,498,1266,19481,1799,1086,1417,295,24339,1327,1190,1183,952,8191,994,1225,1207,1144,24494,630,1427,1324,1445,14186,758,1599,1141,1330,18413,1471,725,1401,1149,7379,1039,967,1357,1185,10488,888,1339,1220,1271,8072,1284,1071,932,1138,20755,1312,768,885,995,13330,1152,1087,777,736,24991,1158,1023,1109,643,16509,1576,1242,1075,585,15449,1000,835,1023,1102,17251,755,918,668,984,16659,1365,610,987,938,18567,521,1032,426,907,37568,629,175,965,780,25365,753,355,1127,247,20778,744,538,638,222,52496,587,785,657,553,1503387,770515
1575,300,1234,1018,17938,915,924,1282,1332,32193,1197,1067,498,1266,19481,1799,1086,1417,295,24339,1327,1190,1183,952,8191,994,1225,1207,1144,24494,630,1427,1324,1445,14186,758,1599,1141,1330,18413,1471,725,1401,1149,7379,1039,967,1357,1185,10488,888,1339,1220,1271,8072,1284,1071,932,1138,20755,1312,768,885,995,13330,1152,1087,777,736,24991,1158,1023,1109,643,16509,1576,1242,1075,585,15449,1000,835,1023,1102,17251,755,918,668,984,16659,1365,610,987,938,18567,521,1032,426,907,37568,629,175,965,780,25365,753,355,1127,247,20778,744,538,638,222,52496,587,785,657,553,21977,1525364,748538
300,1234,1018,17938,915,924,1282,1332,32193,1197,1067,498,1266,19481,1799,1086,1417,295,24339,1327,1190,1183,952,8191,994,1225,1207,1144,24494,630,1427,1324,1445,14186,758,1599,1141,1330,18413,1471,725,1401,1149,7379,1039,967,1357,1185,10488,888,1339,1220,1271,8072,1284,1071,932,1138,20755,1312,768,885,995,13330,1152,1087,777,736,24991,1158,1023,1109,643,16509,1576,1242,1075,585,15449,1000,835,1023,1102,17251,755,918,668,984,16659,1365,610,987,938,18567,521,1032,426,907,37568,629,175,965,780,25365,753,355,1127,247,20778,744,538,638,222,52496,587,785,657,553,21977,335,1525699,766029
1234,1018,17938,915,924,1282,1332,32193,1197,1067,498,1266,19481,1799,1086,1417,295,24339,1327,1190,1183,952,8191,994,1225,1207,1144,24494,630,1427,1324,1445,14186,758,1599,1141,1330,18413,1471,725,1401,1149,7379,1039,967,1357,1185,10488,888,1339,1220,1271,8072,1284,1071,932,1138,20755,1312,768,885,995,13330,1152,1087,777,736,24991,1158,1023,1109,643,16509,1576,1242,1075,585,15449,1000,835,1023,1102,17251,755,918,668,984,16659,1365,610,987,938,18567,521,1032,426,907,37568,629,175,965,780,25365,753,355,1127,247,20778,744,538,638,222,52496,587,785,657,553,21977,335,508,1526207,765523
1018,17938,915,924,1282,1332,32193,1197,1067,498,1266,19481,1799,1086,1417,295,24339,1327,1190,1183,952,8191,994,1225,1207,1144,24494,630,1427,1324,1445,14186,758,1599,1141,1330,18413,1471,725,1401,1149,7379,1039,967,1357,1185,10488,888,1339,1220,1271,8072,1284,1071,932,1138,20755,1312,768,885,995,13330,1152,1087,777,736,24991,1158,1023,1109,643,16509,1576,1242,1075,585,15449,1000,835,1023,1102,17251,755,918,668,984,16659,1365,610,987,938,18567,521,1032,426,907,37568,629,175,965,780,25365,753,355,1127,247,20778,744,538,638,222,52496,587,785,657,553,21977,335,508,416,1526623,765107
17938,915,924,1282,1332,32193,1197,1067,498,1266,19481,1799,1086,1417,295,24339,1327,1190,1183,952,8191,994,1225,1207,1144,24494,630,1427,1324,1445,14186,758,1599,1141,1330,18413,1471,725,1401,1149,7379,1039,967,1357,1185,10488,888,1339,1220,1271,8072,1284,1071,932,1138,20755,1312,768,885,995,13330,1152,1087,777,736,24991,1158,1023,1109,643,16509,1576,1242,1075,585,15449,1000,835,1023,1102,17251,755,918,668,984,16659,1365,610,987,938,18567,521,1032,426,907,37568,629,175,965,780,25365,753,355,1127,247,20778,744,538,638,222,52496,587,785,657,553,21977,335,508,416,356,1526979,764751
915,924,1282,1332,32193,1197,1067,498,1266,19481,1799,1086,1417,295,24339,1327,1190,1183,952,8191,994,1225,1207,1144,24494,630,1427,1324,1445,14186,758,1599,1141,1330,18413,1471,725,1401,1149,7379,1039,967,1357,1185,10488,888,1339,1220,1271,8072,1284,1071,932,1138,20755,1312,768,885,995,13330,1152,1087,777,736,24991,1158,1023,1109,643,16509,1576,1242,1075,585,15449,1000,835,1023,1102,17251,755,918,668,984,16659,1365,610,987,938,18567,521,1032,426,907,37568,629,175,965,780,25365,753,355,1127,247,20778,744,538,638,222,52496,587,785,657,553,21977,335,508,416,356,15063,1542042,749688
924,1282,1332,32193,1197,1067,498,1266,19481,1799,1086,1417,295,24339,1327,1190,1183,952,8191,994,1225,1207,1144,24494,630,1427,1324,1445,14186,758,1599,1141,1330,18413,1471,725,1401,1149,7379,1039,967,1357,1185,10488,888,1339,1220,1271,8072,1284,1071,932,1138,20755,1312,768,885,995,13330,1152,1087,777,736,24991,1158,1023,1109,643,16509,1576,1242,1075,585,15449,1000,835,1023,1102,17251,755,918,668,984,16659,1365,610,987,938,18567,521,1032,426,907,37568,629,175,965,780,25365,753,355,1127,247,20778,744,538,638,222,52496,587,785,657,553,21977,335,508,416,356,15063,293,1542335,791051
1282,1332,32193,1197,1067,498,1266,19481,1799,1086,1417,295,24339,1327,1190,1183,952,8191,994,1225,1207,1144,24494,630,1427,1324,1445,14186,758,1599,1141,1330,18413,1471,725,1401,1149,7379,1039,967,1357,1185,10488,888,1339,1220,1271,8072,1284,1071,932,1138,20755,1312,768,885,995,13330,1152,1087,777,736,24991,1158,1023,1109,643,16509,1576,1242,1075,585,15449,1000,835,1023,1102,17251,755,918,668,984,16659,1365,610,987,938,18567,521,1032,426,907,37568,629,175,965,780,25365,753,355,1127,247,20778,744,538,638,222,52496,587,785,657,553,21977,335,508,416,356,15063,293,302,1542637,790749
1332,32193,1197,1067,498,1266,19481,1799,1086,1417,295,24339,1327,1190,1183,952,8191,994,1225,1207,1144,24494,630,1427,1324,1445,14186,758,1599,1141,1330,18413,1471,725,1401,1149,7379,1039,967,1357,1185,10488,888,1339,1220,1271,8072,1284,1071,932,1138,20755,1312,768,885,995,13330,1152,1087,777,736,24991,1158,1023,1109,643,16509,1576,1242,1075,585,15449,1000,835,1023,1102,17251,755,918,668,984,16659,1365,610,987,938,18567,521,1032,426,907,37568,629,175,965,780,25365,753,355,1127,247,20778,744,538,638,222,52496,587,785,657,553,21977,335,508,416,356,15063,293,302,0,1542637,790749
32193,1197,1067,498,1266,19481,1799,1086,1417,295,24339,1327,1190,1183,952,8191,994,1225,1207,1144,24494,630,1427,1324,1445,14186,758,1599,1141,1330,18413,1471,725,1401,1149,7379,1039,967,1357,1185,10488,888,1339,1220,1271,8072,1284,1071,932,1138,20755,1312,768,885,995,13330,1152,1087,777,736,24991,1158,1023,1109,643,16509,1576,1242,1075,585,15449,1000,835,1023,1102,17251,755,918,668,984,16659,1365,610,987,938,18567,521,1032,426,907,37568,629,175,965,780,25365,753,355,1127,247,20778,744,538,638,222,52496,587,785,657,553,21977,335,508,416,356,15063,293,302,0,414,1543051,790335
1197,1067,498,1266,19481,1799,1086,1417,295,24339,1327,1190,1183,952,8191,994,1225,1207,1144,24494,630,1427,1324,1445,14186,758,1599,1141,1330,18413,1471,725,1401,1149,7379,1039,967,1357,1185,10488,888,1339,1220,1271,8072,1284,1071,932,1138,20755,1312,768,885,995,13330,1152,1087,777,736,24991,1158,1023,1109,643,16509,1576,1242,1075,585,15449,1000,835,1023,1102,17251,755,918,668,984,16659,1365,610,987,938,18567,521,1032,426,907,37568,629,175,965,780,25365,753,355,1127,247,20778,744,538,638,222,52496,587,785,657,553,21977,335,508,416,356,15063,293,302,0,414,367,1543418,789968
1067,498,1266,19481,1799,1086,1417,295,24339,1327,1190,1183,952,8191,994,1225,1207,1144,24494,630,1427,1324,1445,14186,758,1599,1141,1330,18413,1471,725,1401,1149,7379,1039,967,1357,1185,10488,888,1339,1220,1271,8072,1284,1071,932,1138,20755,1312,768,885,995,13330,1152,1087,777,736,24991,1158,1023,1109,643,16509,1576,1242,1075,585,15449,1000,835,1023,1102,17251,755,918,668,984,16659,1365,610,987,938,18567,521,1032,426,907,37568,629,175,965,780,25365,753,355,1127,247,20778,744,538,638,222,52496,587,785,657,553,21977,335,508,416,356,15063,293,302,0,414,367,21776,1565194,791631
498,1266,19481,1799,1086,1417,295,24339,1327,1190,1183,952,8191,994,1225,1207,1144,24494,630,1427,1324,1445,14186,758,1599,1141,1330,18413,1471,725,1401,1149,7379,1039,967,1357,1185,10488,888,1339,1220,1271,8072,1284,1071,932,1138,20755,1312,768,885,995,13330,1152,1087,777,736,24991,1158,1023,1109,643,16509,1576,1242,1075,585,15449,1000,835,1023,1102,17251,755,918,668,984,16659,1365,610,987,938,18567,521,1032,426,907,37568,629,175,965,780,25365,753,355,1127,247,20778,744,538,638,222,52496,587,785,657,553,21977,335,508,416,356,15063,293,302,0,414,367,21776,300,1565494,791331
1266,19481,1799,1086,1417,295,24339,1327,1190,1183,952,8191,994,1225,1207,1144,24494,630,1427,1324,1445,14186,758,1599,1141,1330,18413,1471,725,1401,1149,7379,1039,967,1357,1185,10488,888,1339,1220,1271,8072,1284,1071,932,1138,20755,1312,768,885,995,13330,1152,1087,777,736,24991,1158,1023,1109,643,16509,1576,1242,1075,585,15449,1000,835,1023,1102,17251,755,918,668,984,16659,1365,610,987,938,18567,521,1032,426,907,37568,629,175,965,780,25365,753,355,1127,247,20778,744,538,638,222,52496,587,785,657,553,21977,335,508,416,356,15063,293,302,0,414,367,21776,300,0,1565494,791331
19481,1799,1086,1417,295,24339,1327,1190,1183,952,8191,994,1225,1207,1144,24494,630,1427,1324,1445,14186,758,1599,1141,1330,18413,1471,725,1401,1149,7379,1039,967,1357,1185,10488,888,1339,1220,1271,8072,1284,1071,932,1138,20755,1312,768,885,995,13330,1152,1087,777,736,24991,1158,1023,1109,643,16509,1576,1242,1075,585,15449,1000,835,1023,1102,17251,755,918,668,984,16659,1365,610,987,938,18567,521,1032,426,907,37568,629,175,965,780,25365,753,355,1127,247,20778,744,538,638,222,52496,587,785,657,553,21977,335,508,416,356,15063,293,302,0,414,367,21776,300,0,303,1565797,791028
1799,1086,1417,295,24339,1327,1190,1183,952,8191,994,1225,1207,1144,24494,630,1427,1324,1445,14186,758,1599,1141,1330,18413,1471,725,1401,1149,7379,1039,967,1357,1185,10488,888,1339,1220,1271,8072,1284,1071,932,1138,20755,1312,768,885,995,13330,1152,1087,777,736,24991,1158,1023,1109,643,16509,1576,1242,1075,585,15449,1000,835,1023,1102,17251,755,918,668,984,16659,1365,610,987,938,18567,521,1032,426,907,37568,629,175,965,780,25365,753,355,1127,247,20778,744,538,638,222,52496,587,785,657,553,21977,335,508,416,356,15063,293,302,0,414,367,21776,300,0,303,53,1565850,790975
1086,1417,295,24339,1327,1190,1183,952,8191,994,1225,1207,1144,24494,630,1427,1324,1445,14186,758,1599,1141,1330,18413,1471,725,1401,1149,7379,1039,967,1357,1185,10488,888,1339,1220,1271,8072,1284,1071,932,1138,20755,1312,768,885,995,13330,1152,1087,777,736,24991,1158,1023,1109,643,16509,1576,1242,1075,585,15449,1000,835,1023,1102,17251,755,918,668,984,16659,1365,610,987,938,18567,521,1032,426,907,37568,629,175,965,780,25365,753,355,1127,247,20778,744,538,638,222,52496,587,785,657,553,21977,335,508,416,356,15063,293,302,0,414,367,21776,300,0,303,53,27847,1593697,808747
1417,295,24339,1327,1190,1183,952,8191,994,1225,1207,1144,24494,630,1427,1324,1445,14186,758,1599,1141,1330,18413,1471,725,1401,1149,7379,1039,967,1357,1185,10488,888,1339,1220,1271,8072,1284,1071,932,1138,20755,1312,768,885,995,13330,1152,1087,777,736,24991,1158,1023,1109,643,16509,1576,1242,1075,585,15449,1000,835,1023,1102,17251,755,918,668,984,16659,1365,610,987,938,18567,521,1032,426,907,37568,629,175,965,780,25365,753,355,1127,247,20778,744,538,638,222,52496,587,785,657,553,21977,335,508,416,356,15063,293,302,0,414,367,21776,300,0,303,53,27847,201,1593898,808546
295,24339,1327,1190,1183,952,8191,994,1225,1207,1144,24494,630,1427,1324,1445,14186,758,1599,1141,1330,18413,1471,725,1401,1149,7379,1039,967,1357,1185,10488,888,1339,1220,1271,8072,1284,1071,932,1138,20755,1312,768,885,995,13330,1152,1087,777,736,24991,1158,1023,1109,643,16509,1576,1242,1075,585,15449,1000,835,1023,1102,17251,755,918,668,984,16659,1365,610,987,938,18567,521,1032,426,907,37568,629,175,965,780,25365,753,355,1127,247,20778,744,538,638,222,52496,587,785,657,553,21977,335,508,416,356,15063,293,302,0,414,367,21776,300,0,303,53,27847,201,159,1594057,808387
24339,1327,1190,1183,952,8191,994,1225,1207,1144,24494,630,1427,1324,1445,14186,758,1599,1141,1330,18413,1471,725,1401,1149,7379,1039,967,1357,1185,10488,888,1339,1220,1271,8072,1284,1071,932,1138,20755,1312,768,885,995,13330,1152,1087,777,736,24991,1158,1023,1109,643,16509,1576,1242,1075,585,15449,1000,835,1023,1102,17251,755,918,668,984,16659,1365,610,987,938,18567,521,1032,426,907,37568,629,175,965,780,25365,753,355,1127,247,20778,744,538,638,222,52496,587,785,657,553,21977,335,508,416,356,15063,293,302,0,414,367,21776,300,0,303,53,27847,201,159,0,1594057,808387
1327,1190,1183,952,8191,994,1225,1207,1144,24494,630,1427,1324,1445,14186,758,1599,1141,1330,18413,1471,725,1401,1149,7379,1039,967,1357,1185,10488,888,1339,1220,1271,8072,1284,1071,932,1138,20755,1312,768,885,995,13330,1152,1087,777,736,24991,1158,1023,1109,643,16509,1576,1242,1075,585,15449,1000,835,1023,1102,17251,755,918,668,984,16659,1365,610,987,938,18567,521,1032,426,907,37568,629,175,965,780,25365,753,355,1127,247,20778,744,538,638,222,52496,587,785,657,553,21977,335,508,416,356,15063,293,302,0,414,367,21776,300,0,303,53,27847,201,159,0,81,1594138,808306
1190,1183,952,8191,994,1225,1207,1144,24494,630,1427,1324,1445,14186,758,1599,1141,1330,18413,1471,725,1401,1149,7379,1039,967,1357,1185,10488,888,1339,1220,1271,8072,1284,1071,932,1138,20755,1312,768,885,995,13330,1152,1087,777,736,24991,1158,1023,1109,643,16509,1576,1242,1075,585,15449,1000,835,1023,1102,17251,755,918,668,984,16659,1365,610,987,938,18567,521,1032,426,907,37568,629,175,965,780,25365,753,355,1127,247,20778,744,538,638,222,52496,587,785,657,553,21977,335,508,416,356,15063,293,302,0,414,367,21776,300,0,303,53,27847,201,159,0,81,8714,1602852,834065
1183,952,8191,994,1225,1207,1144,24494,630,1427,1324,1445,14186,758,1599,1141,1330,18413,1471,725,1401,1149,7379,1039,967,1357,1185,10488,888,1339,1220,1271,8072,1284,1071,932,1138,20755,1312,768,885,995,13330,1152,1087,777,736,24991,1158,1023,1109,643,16509,1576,1242,1075,585,15449,1000,835,1023,1102,17251,755,918,668,984,16659,1365,610,987,938,18567,521,1032,426,907,37568,629,175,965,780,25365,753,355,1127,247,20778,744,538,638,222,52496,587,785,657,553,21977,335,508,416,356,15063,293,302,0,414,367,21776,300,0,303,53,27847,201,159,0,81,8714,148,1603000,833917
952,8191,994,1225,1207,1144,24494,630,1427,1324,1445,14186,758,1599,1141,1330,18413,1471,725,1401,1149,7379,1039,967,1357,1185,10488,888,1339,1220,1271,8072,1284,1071,932,1138,20755,1312,768,885,995,13330,1152,1087,777,736,24991,1158,1023,1109,643,16509,1576,1242,1075,585,15449,1000,835,1023,1102,17251,755,918,668,984,16659,1365,610,987,938,18567,521,1032,426,907,37568,629,175,965,780,25365,753,355,1127,247,20778,744,538,638,222,52496,587,785,657,553,21977,335,508,416,356,15063,293,302,0,414,367,21776,300,0,303,53,27847,201,159,0,81,8714,148,32,1603032,833885
8191,994,1225,1207,1144,24494,630,1427,1324,1445,14186,758,1599,1141,1330,18413,1471,725,1401,1149,7379,1039,967,1357,1185,10488,888,1339,1220,1271,8072,1284,1071,932,1138,20755,1312,768,885,995,13330,1152,1087,777,736,24991,1158,1023,1109,643,16509,1576,1242,1075,585,15449,1000,835,1023,1102,17251,755,918,668,984,16659,1365,610,987,938,18567,521,1032,426,907,37568,629,175,965,780,25365,753,355,1127,247,20778,744,538,638,222,52496,587,785,657,553,21977,335,508,416,356,15063,293,302,0,414,367,21776,300,0,303,53,27847,201,159,0,81,8714,148,32,0,1603032,833885
994,1225,1207,1144,24494,630,1427,1324,1445,14186,758,1599,1141,1330,18413,1471,725,1401,1149,7379,1039,967,1357,1185,10488,888,1339,1220,1271,8072,1284,1071,932,1138,20755,1312,768,885,995,13330,1152,1087,777,736,24991,1158,1023,1109,643,16509,1576,1242,1075,585,15449,1000,835,1023,1102,17251,755,918,668,984,16659,1365,610,987,938,18567,521,1032,426,907,37568,629,175,965,780,25365,753,355,1127,247,20778,744,538,638,222,52496,587,785,657,553,21977,335,508,416,356,15063,293,302,0,414,367,21776,300,0,303,53,27847,201,159,0,81,8714,148,32,0,0,1603032,833885
1225,1207,1144,24494,630,1427,1324,1445,14186,758,1599,1141,1330,18413,1471,725,1401,1149,7379,1039,967,1357,1185,10488,888,1339,1220,1271,8072,1284,1071,932,1138,20755,1312,768,885,995,13330,1152,1087,777,736,24991,1158,1023,1109,643,16509,1576,1242,1075,585,15449,1000,835,1023,1102,17251,755,918,668,984,16659,1365,610,987,938,18567,521,1032,426,907,37568,629,175,965,780,25365,753,355,1127,247,20778,744,538,638,222,52496,587,785,657,553,21977,335,508,416,356,15063,293,302,0,414,367,21776,300,0,303,53,27847,201,159,0,81,8714,148,32,0,0,48819,1651851,840514
1207,1144,24494,630,1427,1324,1445,14186,758,1599,1141,1330,18413,1471,725,1401,1149,7379,1039,967,1357,1185,10488,888,1339,1220,1271,8072,1284,1071,932,1138,20755,1312,768,885,995,13330,1152,1087,777,736,24991,1158,1023,1109,643,16509,1576,1242,1075,585,15449,1000,835,1023,1102,17251,755,918,668,984,16659,1365,610,987,938,18567,521,1032,426,907,37568,629,175,965,780,25365,753,355,1127,247,20778,744,538,638,222,52496,587,785,657,553,21977,335,508,416,356,15063,293,302,0,414,367,21776,300,0,303,53,27847,201,159,0,81,8714,148,32,0,0,48819,102,1651953,840412
1144,24494,630,1427,1324,1445,14186,758,1599,1141,1330,18413,1471,725,1401,1149,7379,1039,967,1357,1185,10488,888,1339,1220,1271,8072,1284,1071,932,1138,20755,1312,768,885,995,13330,1152,1087,777,736,24991,1158,1023,1109,643,16509,1576,1242,1075,585,15449,1000,835,1023,1102,17251,755,918,668,984,16659,1365,610,987,938,18567,521,1032,426,907,37568,629,175,965,780,25365,753,355,1127,247,20778,744,538,638,222,52496,587,785,657,553,21977,335,508,416,356,15063,293,302,0,414,367,21776,300,0,303,53,27847,201,159,0,81,8714,148,32,0,0,48819,102,0,1651953,840412
24494,630,1427,1324,1445,14186,758,1599,1141,1330,18413,1471,725,1401,1149,7379,1039,967,1357,1185,10488,888,1339,1220,1271,8072,1284,1071,932,1138,20755,1312,768,885,995,13330,1152,1087,777,736,24991,1158,1023,1109,643,16509,1576,1242,1075,585,15449,1000,835,1023,1102,17251,755,918,668,984,16659,1365,610,987,938,18567,521,1032,426,907,37568,629,175,965,780,25365,753,355,1127,247,20778,744,538,638,222,52496,587,785,657,553,21977,335,508,416,356,15063,293,302,0,414,367,21776,300,0,303,53,27847,201,159,0,81,8714,148,32,0,0,48819,102,0,0,1651953,840412
630,1427,1324,1445,14186,758,1599,1141,1330,18413,1471,725,1401,1149,7379,1039,967,1357,1185,10488,888,1339,1220,1271,8072,1284,1071,932,1138,20755,1312,768,885,995,13330,1152,1087,777,736,24991,1158,1023,1109,643,16509,1576,1242,1075,585,15449,1000,835,1023,1102,17251,755,918,668,984,16659,1365,610,987,938,18567,521,1032,426,907,37568,629,175,965,780,25365,753,355,1127,247,20778,744,538,638,222,52496,587,785,657,553,21977,335,508,416,356,15063,293,302,0,414,367,21776,300,0,303,53,27847,201,159,0,81,8714,148,32,0,0,48819,102,0,0,0,1651953,840412
1427,1324,1445,14186,758,1599,1141,1330,18413,1471,725,1401,1149,7379,1039,967,1357,1185,10488,888,1339,1220,1271,8072,1284,1071,932,1138,20755,1312,768,885,995,13330,1152,1087,777,736,24991,1158,1023,1109,643,16509,1576,1242,1075,585,15449,1000,835,1023,1102,17251,755,918,668,984,16659,1365,610,987,938,18567,521,1032,426,907,37568,629,175,965,780,25365,753,355,1127,247,20778,744,538,638,222,52496,587,785,657,553,21977,335,508,416,356,15063,293,302,0,414,367,21776,300,0,303,53,27847,201,159,0,81,8714,148,32,0,0,48819,102,0,0,0,19170,1671123,844065
1324,1445,14186,758,1599,1141,1330,18413,1471,725,1401,1149,7379,1039,967,1357,1185,10488,888,1339,1220,1271,8072,1284,1071,932,1138,20755,1312,768,885,995,13330,1152,1087,777,736,24991,1158,1023,1109,643,16509,1576,1242,1075,585,15449,1000,835,1023,1102,17251,755,918,668,984,16659,1365,610,987,938,18567,521,1032,426,907,37568,629,175,965,780,25365,753,355,1127,247,20778,744,538,638,222,52496,587,785,657,553,21977,335,508,416,356,15063,293,302,0,414,367,21776,300,0,303,53,27847,201,159,0,81,8714,148,32,0,0,48819,102,0,0,0,19170,29,1671152,844036
1445,14186,758,1599,1141,1330,18413,1471,725,1401,1149,7379,1039,967,1357,1185,10488,888,1339,1220,1271,8072,1284,1071,932,1138,20755,1312,768,885,995,13330,1152,1087,777,736,24991,1158,1023,1109,643,16509,1576,1242,1075,585,15449,1000,835,1023,1102,17251,755,918,668,984,16659,1365,610,987,938,18567,521,1032,426,907,37568,629,175,965,780,25365,753,355,1127,247,20778,744,538,638,222,52496,587,785,657,553,21977,335,508,416,356,15063,293,302,0,414,367,21776,300,0,303,53,27847,201,159,0,81,8714,148,32,0,0,48819,102,0,0,0,19170,29,0,1671152,844036
14186,758,1599,1141,1330,18413,1471,725,1401,1149,7379,1039,967,1357,1185,10488,888,1339,1220,1271,8072,1284,1071,932,1138,20755,1312,768,885,995,13330,1152,1087,777,736,24991,1158,1023,1109,643,16509,1576,1242,1075,585,15449,1000,835,1023,1102,17251,755,918,668,984,16659,1365,610,987,938,18567,521,1032,426,907,37568,629,175,965,780,25365,753,355,1127,247,20778,744,538,638,222,52496,587,785,657,553,21977,335,508,416,356,15063,293,302,0,414,367,21776,300,0,303,53,27847,201,159,0,81,8714,148,32,0,0,48819,102,0,0,0,19170,29,0,0,1671152,844036
758,1599,1141,1330,18413,1471,725,1401,1149,7379,1039,967,1357,1185,10488,888,1339,1220,1271,8072,1284,1071,932,1138,20755,1312,768,885,995,13330,1152,1087,777,736,24991,1158,1023,1109,643,16509,1576,1242,1075,585,15449,1000,835,1023,1102,17251,755,918,668,984,16659,1365,610,987,938,18567,521,1032,426,907,37568,629,175,965,780,25365,753,355,1127,247,20778,744,538,638,222,52496,587,785,657,553,21977,335,508,416,356,15063,293,302,0,414,367,21776,300,0,303,53,27847,201,159,0,81,8714,148,32,0,0,48819,102,0,0,0,19170,29,0,0,0,1671152,844036
1599,1141,1330,18413,1471,725,1401,1149,7379,1039,967,1357,1185,10488,888,1339,1220,1271,8072,1284,1071,932,1138,20755,1312,768,885,995,13330,1152,1087,777,736,24991,1158,1023,1109,643,16509,1576,1242,1075,585,15449,1000,835,1023,1102,17251,755,918,668,984,16659,1365,610,987,938,18567,521,1032,426,907,37568,629,175,965,780,25365,753,355,1127,247,20778,744,538,638,222,52496,587,785,657,553,21977,335,508,416,356,15063,293,302,0,414,367,21776,300,0,303,53,27847,201,159,0,81,8714,148,32,0,0,48819,102,0,0,0,19170,29,0,0,0,21569,1692721,875333
1141,1330,18413,1471,725,1401,1149,7379,1039,967,1357,1185,10488,888,1339,1220,1271,8072,1284,1071,932,1138,20755,1312,768,885,995,13330,1152,1087,777,736,24991,1158,1023,1109,643,16509,1576,1242,1075,585,15449,1000,835,1023,1102,17251,755,918,668,984,16659,1365,610,987,938,18567,521,1032,426,907,37568,629,175,965,780,25365,753,355,1127,247,20778,744,538,638,222,52496,587,785,657,553,21977,335,508,416,356,15063,293,302,0,414,367,21776,300,0,303,53,27847,201,159,0,81,8714,148,32,0,0,48819,102,0,0,0,19170,29,0,0,0,21569,0,1692721,875333
1330,18413,1471,725,1401,1149,7379,1039,967,1357,1185,10488,888,1339,1220,1271,8072,1284,1071,932,1138,20755,1312,768,885,995,13330,1152,1087,777,736,24991,1158,1023,1109,643,16509,1576,1242,1075,585,15449,1000,835,1023,1102,17251,755,918,668,984,16659,1365,610,987,938,18567,521,1032,426,907,37568,629,175,965,780,25365,753,355,1127,247,20778,744,538,638,222,52496,587,785,657,553,21977,335,508,416,356,15063,293,302,0,414,367,21776,300,0,303,53,27847,201,159,0,81,8714,148,32,0,0,48819,102,0,0,0,19170,29,0,0,0,21569,0,0,1692721,875333
18413,1471,725,1401,1149,7379,1039,967,1357,1185,10488,888,1339,1220,1271,8072,1284,1071,932,1138,20755,1312,768,885,995,13330,1152,1087,777,736,24991,1158,1023,1109,643,16509,1576,1242,1075,585,15449,1000,835,1023,1102,17251,755,918,668,984,16659,1365,610,987,938,18567,521,1032,426,907,37568,629,175,965,780,25365,753,355,1127,247,20778,744,538,638,222,52496,587,785,657,553,21977,335,508,416,356,15063,293,302,0,414,367,21776,300,0,303,53,27847,201,159,0,81,8714,148,32,0,0,48819,102,0,0,0,19170,29,0,0,0,21569,0,0,0,1692721,875333
1471,725,1401,1149,7379,1039,967,1357,1185,10488,888,1339,1220,1271,8072,1284,1071,932,1138,20755,1312,768,885,995,13330,1152,1087,777,736,24991,1158,1023,1109,643,16509,1576,1242,1075,585,15449,1000,835,1023,1102,17251,755,918,668,984,16659,1365,610,987,938,18567,521,1032,426,907,37568,629,175,965,780,25365,753,355,1127,247,20778,744,538,638,222,52496,587,785,657,553,21977,335,508,416,356,15063,293,302,0,414,367,21776,300,0,303,53,27847,201,159,0,81,8714,148,32,0,0,48819,102,0,0,0,19170,29,0,0,0,21569,0,0,0,0,1692721,875333
725,1401,1149,7379,1039,967,1357,1185,10488,888,1339,1220,1271,8072,1284,1071,932,1138,20755,1312,768,885,995,13330,1152,1087,777,736,24991,1158,1023,1109,643,16509,1576,1242,1075,585,15449,1000,835,1023,1102,17251,755,918,668,984,16659,1365,610,987,938,18567,521,1032,426,907,37568,629,175,965,780,25365,753,355,1127,247,20778,744,538,638,222,52496,587,785,657,553,21977,335,508,416,356,15063,293,302,0,414,367,21776,300,0,303,53,27847,201,159,0,81,8714,148,32,0,0,48819,102,0,0,0,19170,29,0,0,0,21569,0,0,0,0,22902,1715623,876624
1401,1149,7379,1039,967,1357,1185,10488,888,1339,1220,1271,8072,1284,1071,932,1138,20755,1312,768,885,995,13330,1152,1087,777,736,24991,1158,1023,1109,643,16509,1576,1242,1075,585,15449,1000,835,1023,1102,17251,755,918,668,984,16659,1365,610,987,938,18567,521,1032,426,907,37568,629,175,965,780,25365,753,355,1127,247,20778,744,538,638,222,52496,587,785,657,553,21977,335,508,416,356,15063,293,302,0,414,367,21776,300,0,303,53,27847,201,159,0,81,8714,148,32,0,0,48819,102,0,0,0,19170,29,0,0,0,21569,0,0,0,0,22902,0,1715623,876624
1149,7379,1039,967,1357,1185,10488,888,1339,1220,1271,8072,1284,1071,932,1138,20755,1312,768,885,995,13330,1152,1087,777,736,24991,1158,1023,1109,643,16509,1576,1242,1075,585,15449,1000,835,1023,1102,17251,755,918,668,984,16659,1365,610,987,938,18567,521,1032,426,907,37568,629,175,965,780,25365,753,355,1127,247,20778,744,538,638,222,52496,587,785,657,553,21977,335,508,416,356,15063,293,302,0,414,367,21776,300,0,303,53,27847,201,159,0,81,8714,148,32,0,0,48819,102,0,0,0,19170,29,0,0,0,21569,0,0,0,0,22902,0,0,1715623,876624
7379,1039,967,1357,1185,10488,888,1339,1220,1271,8072,1284,1071,932,1138,20755,1312,768,885,995,13330,1152,1087,777,736,24991,1158,1023,1109,643,16509,1576,1242,1075,585,15449,1000,835,1023,1102,17251,755,918,668,984,16659,1365,610,987,938,18567,521,1032,426,907,37568,629,175,965,780,25365,753,355,1127,247,20778,744,538,638,222,52496,587,785,657,553,21977,335,508,416,356,15063,293,302,0,414,367,21776,300,0,303,53,27847,201,159,0,81,8714,148,32,0,0,48819,102,0,0,0,19170,29,0,0,0,21569,0,0,0,0,22902,0,0,0,1715623,876624
1039,967,1357,1185,10488,888,1339,1220,1271,8072,1284,1071,932,1138,20755,1312,768,885,995,13330,1152,1087,777,736,24991,1158,1023,1109,643,16509,1576,1242,1075,585,15449,1000,835,1023,1102,17251,755,918,668,984,16659,1365,610,987,938,18567,521,1032,426,907,37568,629,175,965,780,25365,753,355,1127,247,20778,744,538,638,222,52496,587,785,657,553,21977,335,508,416,356,15063,293,302,0,414,367,21776,300,0,303,53,27847,201,159,0,81,8714,148,32,0,0,48819,102,0,0,0,19170,29,0,0,0,21569,0,0,0,0,22902,0,0,0,0,1715623,876624
967,1357,1185,10488,888,1339,1220,1271,8072,1284,1071,932,1138,20755,1312,768,885,995,13330,1152,1087,777,736,24991,1158,1023,1109,643,16509,1576,1242,1075,585,15449,1000,835,1023,1102,17251,755,918,668,984,16659,1365,610,987,938,18567,521,1032,426,907,37568,629,175,965,780,25365,753,355,1127,247,20778,744,538,638,222,52496,587,785,657,553,21977,335,508,416,356,15063,293,302,0,414,367,21776,300,0,303,53,27847,201,159,0,81,8714,148,32,0,0,48819,102,0,0,0,19170,29,0,0,0,21569,0,0,0,0,22902,0,0,0,0,42494,1758117,882064
1357,1185,10488,888,1339,1220,1271,8072,1284,1071,932,1138,20755,1312,768,885,995,13330,1152,1087,777,736,24991,1158,1023,1109,643,16509,1576,1242,1075,585,15449,1000,835,1023,1102,17251,755,918,668,984,16659,1365,610,987,938,18567,521,1032,426,907,37568,629,175,965,780,25365,753,355,1127,247,20778,744,538,638,222,52496,587,785,657,553,21977,335,508,416,356,15063,293,302,0,414,367,21776,300,0,303,53,27847,201,159,0,81,8714,148,32,0,0,48819,102,0,0,0,19170,29,0,0,0,21569,0,0,0,0,22902,0,0,0,0,42494,0,1758117,882064
1185,10488,888,1339,1220,1271,8072,1284,1071,932,1138,20755,1312,768,885,995,13330,1152,1087,777,736,24991,1158,1023,1109,643,16509,1576,1242,1075,585,15449,1000,835,1023,1102,17251,755,918,668,984,16659,1365,610,987,938,18567,521,1032,426,907,37568,629,175,965,780,25365,753,355,1127,247,20778,744,538,638,222,52496,587,785,657,553,21977,335,508,416,356,15063,293,302,0,414,367,21776,300,0,303,53,27847,201,159,0,81,8714,148,32,0,0,48819,102,0,0,0,19170,29,0,0,0,21569,0,0,0,0,22902,0,0,0,0,42494,0,0,1758117,882064
10488,888,1339,1220,1271,8072,1284,1071,932,1138,20755,1312,768,885,995,13330,1152,1087,777,736,24991,1158,1023,1109,643,16509,1576,1242,1075,585,15449,1000,835,1023,1102,17251,755,918,668,984,16659,1365,610,987,938,18567,521,1032,426,907,37568,629,175,965,780,25365,753,355,1127,247,20778,744,538,638,222,52496,587,785,657,553,21977,335,508,416,356,15063,293,302,0,414,367,21776,300,0,303,53,27847,201,159,0,81,8714,148,32,0,0,48819,102,0,0,0,19170,29,0,0,0,21569,0,0,0,0,22902,0,0,0,0,42494,0,0,0,1758117,882064
888,1339,1220,1271,8072,1284,1071,932,1138,20755,1312,768,885,995,13330,1152,1087,777,736,24991,1158,1023,1109,643,16509,1576,1242,1075,585,15449,1000,835,1023,1102,17251,755,918,668,984,16659,1365,610,987,938,18567,521,1032,426,907,37568,629,175,965,780,25365,753,355,1127,247,20778,744,538,638,222,52496,587,785,657,553,21977,335,508,416,356,15063,293,302,0,414,367,21776,300,0,303,53,27847,201,159,0,81,8714,148,32,0,0,48819,102,0,0,0,19170,29,0,0,0,21569,0,0,0,0,22902,0,0,0,0,42494,0,0,0,0,1758117,882064
1339,1220,1271,8072,1284,1071,932,1138,20755,1312,768,885,995,13330,1152,1087,777,736,24991,1158,1023,1109,643,16509,1576,1242,1075,585,15449,1000,835,1023,1102,17251,755,918,668,984,16659,1365,610,987,938,18567,521,1032,426,907,37568,629,175,965,780,25365,753,355,1127,247,20778,744,538,638,222,52496,587,785,657,553,21977,335,508,416,356,15063,293,302,0,414,367,21776,300,0,303,53,27847,201,159,0,81,8714,148,32,0,0,48819,102,0,0,0,19170,29,0,0,0,21569,0,0,0,0,22902,0,0,0,0,42494,0,0,0,0,19286,1777403,889868
1220,1271,8072,1284,1071,932,1138,20755,1312,768,885,995,13330,1152,1087,777,736,24991,1158,1023,1109,643,16509,1576,1242,1075,585,15449,1000,835,1023,1102,17251,755,918,668,984,16659,1365,610,987,938,18567,521,1032,426,907,37568,629,175,965,780,25365,753,355,1127,247,20778,744,538,638,222,52496,587,785,657,553,21977,335,508,416,356,15063,293,302,0,414,367,21776,300,0,303,53,27847,201,159,0,81,8714,148,32,0,0,48819,102,0,0,0,19170,29,0,0,0,21569,0,0,0,0,22902,0,0,0,0,42494,0,0,0,0,19286,0,1777403,889868
1271,8072,1284,1071,932,1138,20755,1312,768,885,995,13330,1152,1087,777,736,24991,1158,1023,1109,643,16509,1576,1242,1075,585,15449,1000,835,1023,1102,17251,755,918,668,984,16659,1365,610,987,938,18567,521,1032,426,907,37568,629,175,965,780,25365,753,355,1127,247,20778,744,538,638,222,52496,587,785,657,553,21977,335,508,416,356,15063,293,302,0,414,367,21776,300,0,303,53,27847,201,159,0,81,8714,148,32,0,0,48819,102,0,0,0,19170,29,0,0,0,21569,0,0,0,0,22902,0,0,0,0,42494,0,0,0,0,19286,0,0,1777403,889868
8072,1284,1071,932,1138,20755,1312,768,885,995,13330,1152,1087,777,736,24991,1158,1023,1109,643,16509,1576,1242,1075,585,15449,1000,835,1023,1102,17251,755,918,668,984,16659,1365,610,987,938,18567,521,1032,426,907,37568,629,175,965,780,25365,753,355,1127,247,20778,744,538,638,222,52496,587,785,657,553,21977,335,508,416,356,15063,293,302,0,414,367,21776,300,0,303,53,27847,201,159,0,81,8714,148,32,0,0,48819,102,0,0,0,19170,29,0,0,0,21569,0,0,0,0,22902,0,0,0,0,42494,0,0,0,0,19286,0,0,0,1777403,889868
1284,1071,932,1138,20755,1312,768,885,995,13330,1152,1087,777,736,24991,1158,1023,1109,643,16509,1576,1242,1075,585,15449,1000,835,1023,1102,17251,755,918,668,984,16659,1365,610,987,938,18567,521,1032,426,907,37568,629,175,965,780,25365,753,355,1127,247,20778,744,538,638,222,52496,587,785,657,553,21977,335,508,416,356,15063,293,302,0,414,367,21776,300,0,303,53,27847,201,159,0,81,8714,148,32,0,0,48819,102,0,0,0,19170,29,0,0,0,21569,0,0,0,0,22902,0,0,0,0,42494,0,0,0,0,19286,0,0,0,0,1777403,889868
1071,932,1138,20755,1312,768,885,995,13330,1152,1087,777,736,24991,1158,1023,1109,643,16509,1576,1242,1075,585,15449,1000,835,1023,1102,17251,755,918,668,984,16659,1365,610,987,938,18567,521,1032,426,907,37568,629,175,965,780,25365,753,355,1127,247,20778,744,538,638,222,52496,587,785,657,553,21977,335,508,416,356,15063,293,302,0,414,367,21776,300,0,303,53,27847,201,159,0,81,8714,148,32,0,0,48819,102,0,0,0,19170,29,0,0,0,21569,0,0,0,0,22902,0,0,0,0,42494,0,0,0,0,19286,0,0,0,0,23296,1800699,903397
932,1138,20755,1312,768,885,995,13330,1152,1087,777,736,24991,1158,1023,1109,643,16509,1576,1242,1075,585,15449,1000,835,1023,1102,17251,755,918,668,984,16659,1365,610,987,938,18567,521,1032,426,907,37568,629,175,965,780,25365,753,355,1127,247,20778,744,538,638,222,52496,587,785,657,553,21977,335,508,416,356,15063,293,302,0,414,367,21776,300,0,303,53,27847,201,159,0,81,8714,148,32,0,0,48819,102,0,0,0,19170,29,0,0,0,21569,0,0,0,0,22902,0,0,0,0,42494,0,0,0,0,19286,0,0,0,0,23296,0,1800699,903750
1138,20755,1312,768,885,995,13330,1152,1087,777,736,24991,1158,1023,1109,643,16509,1576,1242,1075,585,15449,1000,835,1023,1102,17251,755,918,668,984,16659,1365,610,987,938,18567,521,1032,426,907,37568,629,175,965,780,25365,753,355,1127,247,20778,744,538,638,222,52496,587,785,657,553,21977,335,508,416,356,15063,293,302,0,414,367,21776,300,0,303,53,27847,201,159,0,81,8714,148,32,0,0,48819,102,0,0,0,19170,29,0,0,0,21569,0,0,0,0,22902,0,0,0,0,42494,0,0,0,0,19286,0,0,0,0,23296,0,0,1800699,903750
20755,1312,768,885,995,13330,1152,1087,777,736,24991,1158,1023,1109,643,16509,1576,1242,1075,585,15449,1000,835,1023,1102,17251,755,918,668,984,16659,1365,610,987,938,18567,521,1032,426,907,37568,629,175,965,780,25365,753,355,1127,247,20778,744,538,638,222,52496,587,785,657,553,21977,335,508,416,356,15063,293,302,0,414,367,21776,300,0,303,53,27847,201,159,0,81,8714,148,32,0,0,48819,102,0,0,0,19170,29,0,0,0,21569,0,0,0,0,22902,0,0,0,0,42494,0,0,0,0,19286,0,0,0,0,23296,0,0,0,1800699,903750
1312,768,885,995,13330,1152,1087,777,736,24991,1158,1023,1109,643,16509,1576,1242,1075,585,15449,1000,835,1023,1102,17251,755,918,668,984,16659,1365,610,987,938,18567,521,1032,426,907,37568,629,175,965,780,25365,753,355,1127,247,20778,744,538,638,222,52496,587,785,657,553,21977,335,508,416,356,15063,293,302,0,414,367,21776,300,0,303,53,27847,201,159,0,81,8714,148,32,0,0,48819,102,0,0,0,19170,29,0,0,0,21569,0,0,0,0,22902,0,0,0,0,42494,0,0,0,0,19286,0,0,0,0,23296,0,0,0,0,1800699,903750
768,885,995,13330,1152,1087,777,736,24991,1158,1023,1109,643,16509,1576,1242,1075,585,15449,1000,835,1023,1102,17251,755,918,668,984,16659,1365,610,987,938,18567,521,1032,426,907,37568,629,175,965,780,25365,753,355,1127,247,20778,744,538,638,222,52496,587,785,657,553,21977,335,508,416,356,15063,293,302,0,414,367,21776,300,0,303,53,27847,201,159,0,81,8714,148,32,0,0,48819,102,0,0,0,19170,29,0,0,0,21569,0,0,0,0,22902,0,0,0,0,42494,0,0,0,0,19286,0,0,0,0,23296,0,0,0,0,3263,1803962,925651
885,995,13330,1152,1087,777,736,24991,1158,1023,1109,643,16509,1576,1242,1075,585,15449,1000,835,1023,1102,17251,755,918,668,984,16659,1365,610,987,938,18567,521,1032,426,907,37568,629,175,965,780,25365,753,355,1127,247,20778,744,538,638,222,52496,587,785,657,553,21977,335,508,416,356,15063,293,302,0,414,367,21776,300,0,303,53,27847,201,159,0,81,8714,148,32,0,0,48819,102,0,0,0,19170,29,0,0,0,21569,0,0,0,0,22902,0,0,0,0,42494,0,0,0,0,19286,0,0,0,0,23296,0,0,0,0,3263,0,1803962,925651
995,13330,1152,1087,777,736,24991,1158,1023,1109,643,16509,1576,1242,1075,585,15449,1000,835,1023,1102,17251,755,918,668,984,16659,1365,610,987,938,18567,521,1032,426,907,37568,629,175,965,780,25365,753,355,1127,247,20778,744,538,638,222,52496,587,785,657,553,21977,335,508,416,356,15063,293,302,0,414,367,21776,300,0,303,53,27847,201,159,0,81,8714,148,32,0,0,48819,102,0,0,0,19170,29,0,0,0,21569,0,0,0,0,22902,0,0,0,0,42494,0,0,0,0,19286,0,0,0,0,23296,0,0,0,0,3263,0,0,1803962,925651
13330,1152,1087,777,736,24991,1158,1023,1109,643,16509,1576,1242,1075,585,15449,1000,835,1023,1102,17251,755,918,668,984,16659,1365,610,987,938,18567,521,1032,426,907,37568,629,175,965,780,25365,753,355,1127,247,20778,744,538,638,222,52496,587,785,657,553,21977,335,508,416,356,15063,293,302,0,414,367,21776,300,0,303,53,27847,201,159,0,81,8714,148,32,0,0,48819,102,0,0,0,19170,29,0,0,0,21569,0,0,0,0,22902,0,0,0,0,42494,0,0,0,0,19286,0,0,0,0,23296,0,0,0,0,3263,0,0,0,1803962,925651
1152,1087,777,736,24991,1158,1023,1109,643,16509,1576,1242,1075,585,15449,1000,835,1023,1102,17251,755,918,668,984,16659,1365,610,987,938,18567,521,1032,426,907,37568,629,175,965,780,25365,753,355,1127,247,20778,744,538,638,222,52496,587,785,657,553,21977,335,508,416,356,15063,293,302,0,414,367,21776,300,0,303,53,27847,201,159,0,81,8714,148,32,0,0,48819,102,0,0,0,19170,29,0,0,0,21569,0,0,0,0,22902,0,0,0,0,42494,0,0,0,0,19286,0,0,0,0,23296,0,0,0,0,3263,0,0,0,0,1803962,925651
1087,777,736,24991,1158,1023,1109,643,16509,1576,1242,1075,585,15449,1000,835,1023,1102,17251,755,918,668,984,16659,1365,610,987,938,18567,521,1032,426,907,37568,629,175,965,780,25365,753,355,1127,247,20778,744,538,638,222,52496,587,785,657,553,21977,335,508,416,356,15063,293,302,0,414,367,21776,300,0,303,53,27847,201,159,0,81,8714,148,32,0,0,48819,102,0,0,0,19170,29,0,0,0,21569,0,0,0,0,22902,0,0,0,0,42494,0,0,0,0,19286,0,0,0,0,23296,0,0,0,0,3263,0,0,0,0,48723,1852685,907958
777,736,24991,1158,1023,1109,643,16509,1576,1242,1075,585,15449,1000,835,1023,1102,17251,755,918,668,984,16659,1365,610,987,938,18567,521,1032,426,907,37568,629,175,965,780,25365,753,355,1127,247,20778,744,538,638,222,52496,587,785,657,553,21977,335,508,416,356,15063,293,302,0,414,367,21776,300,0,303,53,27847,201,159,0,81,8714,148,32,0,0,48819,102,0,0,0,19170,29,0,0,0,21569,0,0,0,0,22902,0,0,0,0,42494,0,0,0,0,19286,0,0,0,0,23296,0,0,0,0,3263,0,0,0,0,48723,0,1852685,907958
736,24991,1158,1023,1109,643,16509,1576,1242,1075,585,15449,1000,835,1023,1102,17251,755,918,668,984,16659,1365,610,987,938,18567,521,1032,426,907,37568,629,175,965,780,25365,753,355,1127,247,20778,744,538,638,222,52496,587,785,657,553,21977,335,508,416,356,15063,293,302,0,414,367,21776,300,0,303,53,27847,201,159,0,81,8714,148,32,0,0,48819,102,0,0,0,19170,29,0,0,0,21569,0,0,0,0,22902,0,0,0,0,42494,0,0,0,0,19286,0,0,0,0,23296,0,0,0,0,3263,0,0,0,0,48723,0,0,1852685,907958
24991,1158,1023,1109,643,16509,1576,1242,1075,585,15449,1000,835,1023,1102,17251,755,918,668,984,16659,1365,610,987,938,18567,521,1032,426,907,37568,629,175,965,780,25365,753,355,1127,247,20778,744,538,638,222,52496,587,785,657,553,21977,335,508,416,356,15063,293,302,0,414,367,21776,300,0,303,53,27847,201,159,0,81,8714,148,32,0,0,48819,102,0,0,0,19170,29,0,0,0,21569,0,0,0,0,22902,0,0,0,0,42494,0,0,0,0,19286,0,0,0,0,23296,0,0,0,0,3263,0,0,0,0,48723,0,0,0,1852685,907958
1158,1023,1109,643,16509,1576,1242,1075,585,15449,1000,835,1023,1102,17251,755,918,668,984,16659,1365,610,987,938,18567,521,1032,426,907,37568,629,175,965,780,25365,753,355,1127,247,20778,744,538,638,222,52496,587,785,657,553,21977,335,508,416,356,15063,293,302,0,414,367,21776,300,0,303,53,27847,201,159,0,81,8714,148,32,0,0,48819,102,0,0,0,19170,29,0,0,0,21569,0,0,0,0,22902,0,0,0,0,42494,0,0,0,0,19286,0,0,0,0,23296,0,0,0,0,3263,0,0,0,0,48723,0,0,0,0,1852685,907958
1023,1109,643,16509,1576,1242,1075,585,15449,1000,835,1023,1102,17251,755,918,668,984,16659,1365,610,987,938,18567,521,1032,426,907,37568,629,175,965,780,25365,753,355,1127,247,20778,744,538,638,222,52496,587,785,657,553,21977,335,508,416,356,15063,293,302,0,414,367,21776,300,0,303,53,27847,201,159,0,81,8714,148,32,0,0,48819,102,0,0,0,19170,29,0,0,0,21569,0,0,0,0,22902,0,0,0,0,42494,0,0,0,0,19286,0,0,0,0,23296,0,0,0,0,3263,0,0,0,0,48723,0,0,0,0,55384,1908069,863762
1109,643,16509,1576,1242,1075,585,15449,1000,835,1023,1102,17251,755,918,668,984,16659,1365,610,987,938,18567,521,1032,426,907,37568,629,175,965,780,25365,753,355,1127,247,20778,744,538,638,222,52496,587,785,657,553,21977,335,508,416,356,15063,293,302,0,414,367,21776,300,0,303,53,27847,201,159,0,81,8714,148,32,0,0,48819,102,0,0,0,19170,29,0,0,0,21569,0,0,0,0,22902,0,0,0,0,42494,0,0,0,0,19286,0,0,0,0,23296,0,0,0,0,3263,0,0,0,0,48723,0,0,0,0,55384,80,1908149,863682
643,16509,1576,1242,1075,585,15449,1000,835,1023,1102,17251,755,918,668,984,16659,1365,610,987,938,18567,521,1032,426,907,37568,629,175,965,780,25365,753,355,1127,247,20778,744,538,638,222,52496,587,785,657,553,21977,335,508,416,356,15063,293,302,0,414,367,21776,300,0,303,53,27847,201,159,0,81,8714,148,32,0,0,48819,102,0,0,0,19170,29,0,0,0,21569,0,0,0,0,22902,0,0,0,0,42494,0,0,0,0,19286,0,0,0,0,23296,0,0,0,0,3263,0,0,0,0,48723,0,0,0,0,55384,80,0,1908149,863682
16509,1576,1242,1075,585,15449,1000,835,1023,1102,17251,755,918,668,984,16659,1365,610,987,938,18567,521,1032,426,907,37568,629,175,965,780,25365,753,355,1127,247,20778,744,538,638,222,52496,587,785,657,553,21977,335,508,416,356,15063,293,302,0,414,367,21776,300,0,303,53,27847,201,159,0,81,8714,148,32,0,0,48819,102,0,0,0,19170,29,0,0,0,21569,0,0,0,0,22902,0,0,0,0,42494,0,0,0,0,19286,0,0,0,0,23296,0,0,0,0,3263,0,0,0,0,48723,0,0,0,0,55384,80,0,0,1908149,863682
1576,1242,1075,585,15449,1000,835,1023,1102,17251,755,918,668,984,16659,1365,610,987,938,18567,521,1032,426,907,37568,629,175,965,780,25365,753,355,1127,247,20778,744,538,638,222,52496,587,785,657,553,21977,335,508,416,356,15063,293,302,0,414,367,21776,300,0,303,53,27847,201,159,0,81,8714,148,32,0,0,48819,102,0,0,0,19170,29,0,0,0,21569,0,0,0,0,22902,0,0,0,0,42494,0,0,0,0,19286,0,0,0,0,23296,0,0,0,0,3263,0,0,0,0,48723,0,0,0,0,55384,80,0,0,0,1908149,863682
1242,1075,585,15449,1000,835,1023,1102,17251,755,918,668,984,16659,1365,610,987,938,18567,521,1032,426,907,37568,629,175,965,780,25365,753,355,1127,247,20778,744,538,638,222,52496,587,785,657,553,21977,335,508,416,356,15063,293,302,0,414,367,21776,300,0,303,53,27847,201,159,0,81,8714,148,32,0,0,48819,102,0,0,0,19170,29,0,0,0,21569,0,0,0,0,22902,0,0,0,0,42494,0,0,0,0,19286,0,0,0,0,23296,0,0,0,0,3263,0,0,0,0,48723,0,0,0,0,55384,80,0,0,0,57505,1965654,826191
1075,585,15449,1000,835,1023,1102,17251,755,918,668,984,16659,1365,610,987,938,18567,521,1032,426,907,37568,629,175,965,780,25365,753,355,1127,247,20778,744,538,638,222,52496,587,785,657,553,21977,335,508,416,356,15063,293,302,0,414,367,21776,300,0,303,53,27847,201,159,0,81,8714,148,32,0,0,48819,102,0,0,0,19170,29,0,0,0,21569,0,0,0,0,22902,0,0,0,0,42494,0,0,0,0,19286,0,0,0,0,23296,0,0,0,0,3263,0,0,0,0,48723,0,0,0,0,55384,80,0,0,0,57505,0,1965654,826534
585,15449,1000,835,1023,1102,17251,755,918,668,984,16659,1365,610,987,938,18567,521,1032,426,907,37568,629,175,965,780,25365,753,355,1127,247,20778,744,538,638,222,52496,587,785,657,553,21977,335,508,416,356,15063,293,302,0,414,367,21776,300,0,303,53,27847,201,159,0,81,8714,148,32,0,0,48819,102,0,0,0,19170,29,0,0,0,21569,0,0,0,0,22902,0,0,0,0,42494,0,0,0,0,19286,0,0,0,0,23296,0,0,0,0,3263,0,0,0,0,48723,0,0,0,0,55384,80,0,0,0,57505,0,0,1965654,826534
15449,1000,835,1023,1102,17251,755,918,668,984,16659,1365,610,987,938,18567,521,1032,426,907,37568,629,175,965,780,25365,753,355,1127,247,20778,744,538,638,222,52496,587,785,657,553,21977,335,508,416,356,15063,293,302,0,414,367,21776,300,0,303,53,27847,201,159,0,81,8714,148,32,0,0,48819,102,0,0,0,19170,29,0,0,0,21569,0,0,0,0,22902,0,0,0,0,42494,0,0,0,0,19286,0,0,0,0,23296,0,0,0,0,3263,0,0,0,0,48723,0,0,0,0,55384,80,0,0,0,57505,0,0,0,1965654,826534
1000,835,1023,1102,17251,755,918,668,984,16659,1365,610,987,938,18567,521,1032,426,907,37568,629,175,965,780,25365,753,355,1127,247,20778,744,538,638,222,52496,587,785,657,553,21977,335,508,416,356,15063,293,302,0,414,367,21776,300,0,303,53,27847,201,159,0,81,8714,148,32,0,0,48819,102,0,0,0,19170,29,0,0,0,21569,0,0,0,0,22902,0,0,0,0,42494,0,0,0,0,19286,0,0,0,0,23296,0,0,0,0,3263,0,0,0,0,48723,0,0,0,0,55384,80,0,0,0,57505,0,0,0,0,1965654,826534
835,1023,1102,17251,755,918,668,984,16659,1365,610,987,938,18567,521,1032,426,907,37568,629,175,965,780,25365,753,355,1127,247,20778,744,538,638,222,52496,587,785,657,553,21977,335,508,416,356,15063,293,302,0,414,367,21776,300,0,303,53,27847,201,159,0,81,8714,148,32,0,0,48819,102,0,0,0,19170,29,0,0,0,21569,0,0,0,0,22902,0,0,0,0,42494,0,0,0,0,19286,0,0,0,0,23296,0,0,0,0,3263,0,0,0,0,48723,0,0,0,0,55384,80,0,0,0,57505,0,0,0,0,49173,2014827,783588
1023,1102,17251,755,918,668,984,16659,1365,610,987,938,18567,521,1032,426,907,37568,629,175,965,780,25365,753,355,1127,247,20778,744,538,638,222,52496,587,785,657,553,21977,335,508,416,356,15063,293,302,0,414,367,21776,300,0,303,53,27847,201,159,0,81,8714,148,32,0,0,48819,102,0,0,0,19170,29,0,0,0,21569,0,0,0,0,22902,0,0,0,0,42494,0,0,0,0,19286,0,0,0,0,23296,0,0,0,0,3263,0,0,0,0,48723,0,0,0,0,55384,80,0,0,0,57505,0,0,0,0,49173,0,2014827,783642
1102,17251,755,918,668,984,16659,1365,610,987,938,18567,521,1032,426,907,37568,629,175,965,780,25365,753,355,1127,247,20778,744,538,638,222,52496,587,785,657,553,21977,335,508,416,356,15063,293,302,0,414,367,21776,300,0,303,53,27847,201,159,0,81,8714,148,32,0,0,48819,102,0,0,0,19170,29,0,0,0,21569,0,0,0,0,22902,0,0,0,0,42494,0,0,0,0,19286,0,0,0,0,23296,0,0,0,0,3263,0,0,0,0,48723,0,0,0,0,55384,80,0,0,0,57505,0,0,0,0,49173,0,0,2014827,783642
17251,755,918,668,984,16659,1365,610,987,938,18567,521,1032,426,907,37568,629,175,965,780,25365,753,355,1127,247,20778,744,538,638,222,52496,587,785,657,553,21977,335,508,416,356,15063,293,302,0,414,367,21776,300,0,303,53,27847,201,159,0,81,8714,148,32,0,0,48819,102,0,0,0,19170,29,0,0,0,21569,0,0,0,0,22902,0,0,0,0,42494,0,0,0,0,19286,0,0,0,0,23296,0,0,0,0,3263,0,0,0,0,48723,0,0,0,0,55384,80,0,0,0,57505,0,0,0,0,49173,0,0,0,2014827,783642
755,918,668,984,16659,1365,610,987,938,18567,521,1032,426,907,37568,629,175,965,780,25365,753,355,1127,247,20778,744,538,638,222,52496,587,785,657,553,21977,335,508,416,356,15063,293,302,0,414,367,21776,300,0,303,53,27847,201,159,0,81,8714,148,32,0,0,48819,102,0,0,0,19170,29,0,0,0,21569,0,0,0,0,22902,0,0,0,0,42494,0,0,0,0,19286,0,0,0,0,23296,0,0,0,0,3263,0,0,0,0,48723,0,0,0,0,55384,80,0,0,0,57505,0,0,0,0,49173,0,0,0,0,2014827,783642
918,668,984,16659,1365,610,987,938,18567,521,1032,426,907,37568,629,175,965,780,25365,753,355,1127,247,20778,744,538,638,222,52496,587,785,657,553,21977,335,508,416,356,15063,293,302,0,414,367,21776,300,0,303,53,27847,201,159,0,81,8714,148,32,0,0,48819,102,0,0,0,19170,29,0,0,0,21569,0,0,0,0,22902,0,0,0,0,42494,0,0,0,0,19286,0,0,0,0,23296,0,0,0,0,3263,0,0,0,0,48723,0,0,0,0,55384,80,0,0,0,57505,0,0,0,0,49173,0,0,0,0,60122,2074949,747370
668,984,16659,1365,610,987,938,18567,521,1032,426,907,37568,629,175,965,780,25365,753,355,1127,247,20778,744,538,638,222,52496,587,785,657,553,21977,335,508,416,356,15063,293,302,0,414,367,21776,300,0,303,53,27847,201,159,0,81,8714,148,32,0,0,48819,102,0,0,0,19170,29,0,0,0,21569,0,0,0,0,22902,0,0,0,0,42494,0,0,0,0,19286,0,0,0,0,23296,0,0,0,0,3263,0,0,0,0,48723,0,0,0,0,55384,80,0,0,0,57505,0,0,0,0,49173,0,0,0,0,60122,0,2074949,747370
984,16659,1365,610,987,938,18567,521,1032,426,907,37568,629,175,965,780,25365,753,355,1127,247,20778,744,538,638,222,52496,587,785,657,553,21977,335,508,416,356,15063,293,302,0,414,367,21776,300,0,303,53,27847,201,159,0,81,8714,148,32,0,0,48819,102,0,0,0,19170,29,0,0,0,21569,0,0,0,0,22902,0,0,0,0,42494,0,0,0,0,19286,0,0,0,0,23296,0,0,0,0,3263,0,0,0,0,48723,0,0,0,0,55384,80,0,0,0,57505,0,0,0,0,49173,0,0,0,0,60122,0,0,2074949,747370
16659,1365,610,987,938,18567,521,1032,426,907,37568,629,175,965,780,25365,753,355,1127,247,20778,744,538,638,222,52496,587,785,657,553,21977,335,508,416,356,15063,293,302,0,414,367,21776,300,0,303,53,27847,201,159,0,81,8714,148,32,0,0,48819,102,0,0,0,19170,29,0,0,0,21569,0,0,0,0,22902,0,0,0,0,42494,0,0,0,0,19286,0,0,0,0,23296,0,0,0,0,3263,0,0,0,0,48723,0,0,0,0,55384,80,0,0,0,57505,0,0,0,0,49173,0,0,0,0,60122,0,0,0,2074949,747370
1365,610,987,938,18567,521,1032,426,907,37568,629,175,965,780,25365,753,355,1127,247,20778,744,538,638,222,52496,587,785,657,553,21977,335,508,416,356,15063,293,302,0,414,367,21776,300,0,303,53,27847,201,159,0,81,8714,148,32,0,0,48819,102,0,0,0,19170,29,0,0,0,21569,0,0,0,0,22902,0,0,0,0,42494,0,0,0,0,19286,0,0,0,0,23296,0,0,0,0,3263,0,0,0,0,48723,0,0,0,0,55384,80,0,0,0,57505,0,0,0,0,49173,0,0,0,0,60122,0,0,0,0,2074949,747370
610,987,938,18567,521,1032,426,907,37568,629,175,965,780,25365,753,355,1127,247,20778,744,538,638,222,52496,587,785,657,553,21977,335,508,416,356,15063,293,302,0,414,367,21776,300,0,303,53,27847,201,159,0,81,8714,148,32,0,0,48819,102,0,0,0,19170,29,0,0,0,21569,0,0,0,0,22902,0,0,0,0,42494,0,0,0,0,19286,0,0,0,0,23296,0,0,0,0,3263,0,0,0,0,48723,0,0,0,0,55384,80,0,0,0,57505,0,0,0,0,49173,0,0,0,0,60122,0,0,0,0,11828,2086777,758499
987,938,18567,521,1032,426,907,37568,629,175,965,780,25365,753,355,1127,247,20778,744,538,638,222,52496,587,785,657,553,21977,335,508,416,356,15063,293,302,0,414,367,21776,300,0,303,53,27847,201,159,0,81,8714,148,32,0,0,48819,102,0,0,0,19170,29,0,0,0,21569,0,0,0,0,22902,0,0,0,0,42494,0,0,0,0,19286,0,0,0,0,23296,0,0,0,0,3263,0,0,0,0,48723,0,0,0,0,55384,80,0,0,0,57505,0,0,0,0,49173,0,0,0,0,60122,0,0,0,0,11828,21591,2108368,736908
938,18567,521,1032,426,907,37568,629,175,965,780,25365,753,355,1127,247,20778,744,538,638,222,52496,587,785,657,553,21977,335,508,416,356,15063,293,302,0,414,367,21776,300,0,303,53,27847,201,159,0,81,8714,148,32,0,0,48819,102,0,0,0,19170,29,0,0,0,21569,0,0,0,0,22902,0,0,0,0,42494,0,0,0,0,19286,0,0,0,0,23296,0,0,0,0,3263,0,0,0,0,48723,0,0,0,0,55384,80,0,0,0,57505,0,0,0,0,49173,0,0,0,0,60122,0,0,0,0,11828,21591,0,2108368,736908
18567,521,1032,426,907,37568,629,175,965,780,25365,753,355,1127,247,20778,744,538,638,222,52496,587,785,657,553,21977,335,508,416,356,15063,293,302,0,414,367,21776,300,0,303,53,27847,201,159,0,81,8714,148,32,0,0,48819,102,0,0,0,19170,29,0,0,0,21569,0,0,0,0,22902,0,0,0,0,42494,0,0,0,0,19286,0,0,0,0,23296,0,0,0,0,3263,0,0,0,0,48723,0,0,0,0,55384,80,0,0,0,57505,0,0,0,0,49173,0,0,0,0,60122,0,0,0,0,11828,21591,0,0,2108368,736908
521,1032,426,907,37568,629,175,965,780,25365,753,355,1127,247,20778,744,538,638,222,52496,587,785,657,553,21977,335,508,416,356,15063,293,302,0,414,367,21776,300,0,303,53,27847,201,159,0,81,8714,148,32,0,0,48819,102,0,0,0,19170,29,0,0,0,21569,0,0,0,0,22902,0,0,0,0,42494,0,0,0,0,19286,0,0,0,0,23296,0,0,0,0,3263,0,0,0,0,48723,0,0,0,0,55384,80,0,0,0,57505,0,0,0,0,49173,0,0,0,0,60122,0,0,0,0,11828,21591,0,0,0,2108368,736908
1032,426,907,37568,629,175,965,780,25365,753,355,1127,247,20778,744,538,638,222,52496,587,785,657,553,21977,335,508,416,356,15063,293,302,0,414,367,21776,300,0,303,53,27847,201,159,0,81,8714,148,32,0,0,48819,102,0,0,0,19170,29,0,0,0,21569,0,0,0,0,22902,0,0,0,0,42494,0,0,0,0,19286,0,0,0,0,23296,0,0,0,0,3263,0,0,0,0,48723,0,0,0,0,55384,80,0,0,0,57505,0,0,0,0,49173,0,0,0,0,60122,0,0,0,0,11828,21591,0,0,0,45770,2154138,715700
426,907,37568,629,175,965,780,25365,753,355,1127,247,20778,744,538,638,222,52496,587,785,657,553,21977,335,508,416,356,15063,293,302,0,414,367,21776,300,0,303,53,27847,201,159,0,81,8714,148,32,0,0,48819,102,0,0,0,19170,29,0,0,0,21569,0,0,0,0,22902,0,0,0,0,42494,0,0,0,0,19286,0,0,0,0,23296,0,0,0,0,3263,0,0,0,0,48723,0,0,0,0,55384,80,0,0,0,57505,0,0,0,0,49173,0,0,0,0,60122,0,0,0,0,11828,21591,0,0,0,45770,0,2154138,715700
907,37568,629,175,965,780,25365,753,355,1127,247,20778,744,538,638,222,52496,587,785,657,553,21977,335,508,416,356,15063,293,302,0,414,367,21776,300,0,303,53,27847,201,159,0,81,8714,148,32,0,0,48819,102,0,0,0,19170,29,0,0,0,21569,0,0,0,0,22902,0,0,0,0,42494,0,0,0,0,19286,0,0,0,0,23296,0,0,0,0,3263,0,0,0,0,48723,0,0,0,0,55384,80,0,0,0,57505,0,0,0,0,49173,0,0,0,0,60122,0,0,0,0,11828,21591,0,0,0,45770,0,0,2154138,715700
37568,629,175,965,780,25365,753,355,1127,247,20778,744,538,638,222,52496,587,785,657,553,21977,335,508,416,356,15063,293,302,0,414,367,21776,300,0,303,53,27847,201,159,0,81,8714,148,32,0,0,48819,102,0,0,0,19170,29,0,0,0,21569,0,0,0,0,22902,0,0,0,0,42494,0,0,0,0,19286,0,0,0,0,23296,0,0,0,0,3263,0,0,0,0,48723,0,0,0,0,55384,80,0,0,0,57505,0,0,0,0,49173,0,0,0,0,60122,0,0,0,0,11828,21591,0,0,0,45770,0,0,0,2154138,715700
629,175,965,780,25365,753,355,1127,247,20778,744,538,638,222,52496,587,785,657,553,21977,335,508,416,356,15063,293,302,0,414,367,21776,300,0,303,53,27847,201,159,0,81,8714,148,32,0,0,48819,102,0,0,0,19170,29,0,0,0,21569,0,0,0,0,22902,0,0,0,0,42494,0,0,0,0,19286,0,0,0,0,23296,0,0,0,0,3263,0,0,0,0,48723,0,0,0,0,55384,80,0,0,0,57505,0,0,0,0,49173,0,0,0,0,60122,0,0,0,0,11828,21591,0,0,0,45770,0,0,0,0,2154138,715700
175,965,780,25365,753,355,1127,247,20778,744,538,638,222,52496,587,785,657,553,21977,335,508,416,356,15063,293,302,0,414,367,21776,300,0,303,53,27847,201,159,0,81,8714,148,32,0,0,48819,102,0,0,0,19170,29,0,0,0,21569,0,0,0,0,22902,0,0,0,0,42494,0,0,0,0,19286,0,0,0,0,23296,0,0,0,0,3263,0,0,0,0,48723,0,0,0,0,55384,80,0,0,0,57505,0,0,0,0,49173,0,0,0,0,60122,0,0,0,0,11828,21591,0,0,0,45770,0,0,0,0,25078,2179216,701762
965,780,25365,753,355,1127,247,20778,744,538,638,222,52496,587,785,657,553,21977,335,508,416,356,15063,293,302,0,414,367,21776,300,0,303,53,27847,201,159,0,81,8714,148,32,0,0,48819,102,0,0,0,19170,29,0,0,0,21569,0,0,0,0,22902,0,0,0,0,42494,0,0,0,0,19286,0,0,0,0,23296,0,0,0,0,3263,0,0,0,0,48723,0,0,0,0,55384,80,0,0,0,57505,0,0,0,0,49173,0,0,0,0,60122,0,0,0,0,11828,21591,0,0,0,45770,0,0,0,0,25078,0,2179216,701762
780,25365,753,355,1127,247,20778,744,538,638,222,52496,587,785,657,553,21977,335,508,416,356,15063,293,302,0,414,367,21776,300,0,303,53,27847,201,159,0,81,8714,148,32,0,0,48819,102,0,0,0,19170,29,0,0,0,21569,0,0,0,0,22902,0,0,0,0,42494,0,0,0,0,19286,0,0,0,0,23296,0,0,0,0,3263,0,0,0,0,48723,0,0,0,0,55384,80,0,0,0,57505,0,0,0,0,49173,0,0,0,0,60122,0,0,0,0,11828,21591,0,0,0,45770,0,0,0,0,25078,0,0,2179216,701762
25365,753,355,1127,247,20778,744,538,638,222,52496,587,785,657,553,21977,335,508,416,356,15063,293,302,0,414,367,21776,300,0,303,53,27847,201,159,0,81,8714,148,32,0,0,48819,102,0,0,0,19170,29,0,0,0,21569,0,0,0,0,22902,0,0,0,0,42494,0,0,0,0,19286,0,0,0,0,23296,0,0,0,0,3263,0,0,0,0,48723,0,0,0,0,55384,80,0,0,0,57505,0,0,0,0,49173,0,0,0,0,60122,0,0,0,0,11828,21591,0,0,0,45770,0,0,0,0,25078,0,0,0,2179216,701762
753,355,1127,247,20778,744,538,638,222,52496,587,785,657,553,21977,335,508,416,356,15063,293,302,0,414,367,21776,300,0,303,53,27847,201,159,0,81,8714,148,32,0,0,48819,102,0,0,0,19170,29,0,0,0,21569,0,0,0,0,22902,0,0,0,0,42494,0,0,0,0,19286,0,0,0,0,23296,0,0,0,0,3263,0,0,0,0,48723,0,0,0,0,55384,80,0,0,0,57505,0,0,0,0,49173,0,0,0,0,60122,0,0,0,0,11828,21591,0,0,0,45770,0,0,0,0,25078,0,0,0,0,2179216,701762
355,1127,247,20778,744,538,638,222,52496,587,785,657,553,21977,335,508,416,356,15063,293,302,0,414,367,21776,300,0,303,53,27847,201,159,0,81,8714,148,32,0,0,48819,102,0,0,0,19170,29,0,0,0,21569,0,0,0,0,22902,0,0,0,0,42494,0,0,0,0,19286,0,0,0,0,23296,0,0,0,0,3263,0,0,0,0,48723,0,0,0,0,55384,80,0,0,0,57505,0,0,0,0,49173,0,0,0,0,60122,0,0,0,0,11828,21591,0,0,0,45770,0,0,0,0,25078,0,0,0,0,0,2179216,717226
1127,247,20778,744,538,638,222,52496,587,785,657,553,21977,335,508,416,356,15063,293,302,0,414,367,21776,300,0,303,53,27847,201,159,0,81,8714,148,32,0,0,48819,102,0,0,0,19170,29,0,0,0,21569,0,0,0,0,22902,0,0,0,0,42494,0,0,0,0,19286,0,0,0,0,23296,0,0,0,0,3263,0,0,0,0,48723,0,0,0,0,55384,80,0,0,0,57505,0,0,0,0,49173,0,0,0,0,60122,0,0,0,0,11828,21591,0,0,0,45770,0,0,0,0,25078,0,0,0,0,0,34069,2213285,683207
247,20778,744,538,638,222,52496,587,785,657,553,21977,335,508,416,356,15063,293,302,0,414,367,21776,300,0,303,53,27847,201,159,0,81,8714,148,32,0,0,48819,102,0,0,0,19170,29,0,0,0,21569,0,0,0,0,22902,0,0,0,0,42494,0,0,0,0,19286,0,0,0,0,23296,0,0,0,0,3263,0,0,0,0,48723,0,0,0,0,55384,80,0,0,0,57505,0,0,0,0,49173,0,0,0,0,60122,0,0,0,0,11828,21591,0,0,0,45770,0,0,0,0,25078,0,0,0,0,0,34069,0,2213285,683207
20778,744,538,638,222,52496,587,785,657,553,21977,335,508,416,356,15063,293,302,0,414,367,21776,300,0,303,53,27847,201,159,0,81,8714,148,32,0,0,48819,102,0,0,0,19170,29,0,0,0,21569,0,0,0,0,22902,0,0,0,0,42494,0,0,0,0,19286,0,0,0,0,23296,0,0,0,0,3263,0,0,0,0,48723,0,0,0,0,55384,80,0,0,0,57505,0,0,0,0,49173,0,0,0,0,60122,0,0,0,0,11828,21591,0,0,0,45770,0,0,0,0,25078,0,0,0,0,0,34069,0,0,2213285,683207
744,538,638,222,52496,587,785,657,553,21977,335,508,416,356,15063,293,302,0,414,367,21776,300,0,303,53,27847,201,159,0,81,8714,148,32,0,0,48819,102,0,0,0,19170,29,0,0,0,21569,0,0,0,0,22902,0,0,0,0,42494,0,0,0,0,19286,0,0,0,0,23296,0,0,0,0,3263,0,0,0,0,48723,0,0,0,0,55384,80,0,0,0,57505,0,0,0,0,49173,0,0,0,0,60122,0,0,0,0,11828,21591,0,0,0,45770,0,0,0,0,25078,0,0,0,0,0,34069,0,0,0,2213285,683207
538,638,222,52496,587,785,657,553,21977,335,508,416,356,15063,293,302,0,414,367,21776,300,0,303,53,27847,201,159,0,81,8714,148,32,0,0,48819,102,0,0,0,19170,29,0,0,0,21569,0,0,0,0,22902,0,0,0,0,42494,0,0,0,0,19286,0,0,0,0,23296,0,0,0,0,3263,0,0,0,0,48723,0,0,0,0,55384,80,0,0,0,57505,0,0,0,0,49173,0,0,0,0,60122,0,0,0,0,11828,21591,0,0,0,45770,0,0,0,0,25078,0,0,0,0,0,34069,0,0,0,0,2213285,692522
638,222,52496,587,785,657,553,21977,335,508,416,356,15063,293,302,0,414,367,21776,300,0,303,53,27847,201,159,0,81,8714,148,32,0,0,48819,102,0,0,0,19170,29,0,0,0,21569,0,0,0,0,22902,0,0,0,0,42494,0,0,0,0,19286,0,0,0,0,23296,0,0,0,0,3263,0,0,0,0,48723,0,0,0,0,55384,80,0,0,0,57505,0,0,0,0,49173,0,0,0,0,60122,0,0,0,0,11828,21591,0,0,0,45770,0,0,0,0,25078,0,0,0,0,0,34069,0,0,0,0,22576,2235861,669946
222,52496,587,785,657,553,21977,335,508,416,356,15063,293,302,0,414,367,21776,300,0,303,53,27847,201,159,0,81,8714,148,32,0,0,48819,102,0,0,0,19170,29,0,0,0,21569,0,0,0,0,22902,0,0,0,0,42494,0,0,0,0,19286,0,0,0,0,23296,0,0,0,0,3263,0,0,0,0,48723,0,0,0,0,55384,80,0,0,0,57505,0,0,0,0,49173,0,0,0,0,60122,0,0,0,0,11828,21591,0,0,0,45770,0,0,0,0,25078,0,0,0,0,0,34069,0,0,0,0,22576,0,2235861,669946
52496,587,785,657,553,21977,335,508,416,356,15063,293,302,0,414,367,21776,300,0,303,53,27847,201,159,0,81,8714,148,32,0,0,48819,102,0,0,0,19170,29,0,0,0,21569,0,0,0,0,22902,0,0,0,0,42494,0,0,0,0,19286,0,0,0,0,23296,0,0,0,0,3263,0,0,0,0,48723,0,0,0,0,55384,80,0,0,0,57505,0,0,0,0,49173,0,0,0,0,60122,0,0,0,0,11828,21591,0,0,0,45770,0,0,0,0,25078,0,0,0,0,0,34069,0,0,0,0,22576,0,0,2235861,669946
587,785,657,553,21977,335,508,416,356,15063,293,302,0,414,367,21776,300,0,303,53,27847,201,159,0,81,8714,148,32,0,0,48819,102,0,0,0,19170,29,0,0,0,21569,0,0,0,0,22902,0,0,0,0,42494,0,0,0,0,19286,0,0,0,0,23296,0,0,0,0,3263,0,0,0,0,48723,0,0,0,0,55384,80,0,0,0,57505,0,0,0,0,49173,0,0,0,0,60122,0,0,0,0,11828,21591,0,0,0,45770,0,0,0,0,25078,0,0,0,0,0,34069,0,0,0,0,22576,0,0,0,2235861,669946
785,657,553,21977,335,508,416,356,15063,293,302,0,414,367,21776,300,0,303,53,27847,201,159,0,81,8714,148,32,0,0,48819,102,0,0,0,19170,29,0,0,0,21569,0,0,0,0,22902,0,0,0,0,42494,0,0,0,0,19286,0,0,0,0,23296,0,0,0,0,3263,0,0,0,0,48723,0,0,0,0,55384,80,0,0,0,57505,0,0,0,0,49173,0,0,0,0,60122,0,0,0,0,11828,21591,0,0,0,45770,0,0,0,0,25078,0,0,0,0,0,34069,0,0,0,0,22576,0,0,0,0,2235861,681799
657,553,21977,335,508,416,356,15063,293,302,0,414,367,21776,300,0,303,53,27847,201,159,0,81,8714,148,32,0,0,48819,102,0,0,0,19170,29,0,0,0,21569,0,0,0,0,22902,0,0,0,0,42494,0,0,0,0,19286,0,0,0,0,23296,0,0,0,0,3263,0,0,0,0,48723,0,0,0,0,55384,80,0,0,0,57505,0,0,0,0,49173,0,0,0,0,60122,0,0,0,0,11828,21591,0,0,0,45770,0,0,0,0,25078,0,0,0,0,0,34069,0,0,0,0,22576,0,0,0,0,38041,2273902,644514
553,21977,335,508,416,356,15063,293,302,0,414,367,21776,300,0,303,53,27847,201,159,0,81,8714,148,32,0,0,48819,102,0,0,0,19170,29,0,0,0,21569,0,0,0,0,22902,0,0,0,0,42494,0,0,0,0,19286,0,0,0,0,23296,0,0,0,0,3263,0,0,0,0,48723,0,0,0,0,55384,80,0,0,0,57505,0,0,0,0,49173,0,0,0,0,60122,0,0,0,0,11828,21591,0,0,0,45770,0,0,0,0,25078,0,0,0,0,0,34069,0,0,0,0,22576,0,0,0,0,38041,0,2273902,644514
21977,335,508,416,356,15063,293,302,0,414,367,21776,300,0,303,53,27847,201,159,0,81,8714,148,32,0,0,48819,102,0,0,0,19170,29,0,0,0,21569,0,0,0,0,22902,0,0,0,0,42494,0,0,0,0,19286,0,0,0,0,23296,0,0,0,0,3263,0,0,0,0,48723,0,0,0,0,55384,80,0,0,0,57505,0,0,0,0,49173,0,0,0,0,60122,0,0,0,0,11828,21591,0,0,0,45770,0,0,0,0,25078,0,0,0,0,0,34069,0,0,0,0,22576,0,0,0,0,38041,0,0,2273902,644514
335,508,416,356,15063,293,302,0,414,367,21776,300,0,303,53,27847,201,159,0,81,8714,148,32,0,0,48819,102,0,0,0,19170,29,0,0,0,21569,0,0,0,0,22902,0,0,0,0,42494,0,0,0,0,19286,0,0,0,0,23296,0,0,0,0,3263,0,0,0,0,48723,0,0,0,0,55384,80,0,0,0,57505,0,0,0,0,49173,0,0,0,0,60122,0,0,0,0,11828,21591,0,0,0,45770,0,0,0,0,25078,0,0,0,0,0,34069,0,0,0,0,22576,0,0,0,0,38041,0,0,0,2273902,644514
508,416,356,15063,293,302,0,414,367,21776,300,0,303,53,27847,201,159,0,81,8714,148,32,0,0,48819,102,0,0,0,19170,29,0,0,0,21569,0,0,0,0,22902,0,0,0,0,42494,0,0,0,0,19286,0,0,0,0,23296,0,0,0,0,3263,0,0,0,0,48723,0,0,0,0,55384,80,0,0,0,57505,0,0,0,0,49173,0,0,0,0,60122,0,0,0,0,11828,21591,0,0,0,45770,0,0,0,0,25078,0,0,0,0,0,34069,0,0,0,0,22576,0,0,0,0,38041,0,0,0,0,2273902,659550
416,356,15063,293,302,0,414,367,21776,300,0,303,53,27847,201,159,0,81,8714,148,32,0,0,48819,102,0,0,0,19170,29,0,0,0,21569,0,0,0,0,22902,0,0,0,0,42494,0,0,0,0,19286,0,0,0,0,23296,0,0,0,0,3263,0,0,0,0,48723,0,0,0,0,55384,80,0,0,0,57505,0,0,0,0,49173,0,0,0,0,60122,0,0,0,0,11828,21591,0,0,0,45770,0,0,0,0,25078,0,0,0,0,0,34069,0,0,0,0,22576,0,0,0,0,38041,0,0,0,0,17826,2291728,641724
356,15063,293,302,0,414,367,21776,300,0,303,53,27847,201,159,0,81,8714,148,32,0,0,48819,102,0,0,0,19170,29,0,0,0,21569,0,0,0,0,22902,0,0,0,0,42494,0,0,0,0,19286,0,0,0,0,23296,0,0,0,0,3263,0,0,0,0,48723,0,0,0,0,55384,80,0,0,0,57505,0,0,0,0,49173,0,0,0,0,60122,0,0,0,0,11828,21591,0,0,0,45770,0,0,0,0,25078,0,0,0,0,0,34069,0,0,0,0,22576,0,0,0,0,38041,0,0,0,0,17826,2,2291730,641722
15063,293,302,0,414,367,21776,300,0,303,53,27847,201,159,0,81,8714,148,32,0,0,48819,102,0,0,0,19170,29,0,0,0,21569,0,0,0,0,22902,0,0,0,0,42494,0,0,0,0,19286,0,0,0,0,23296,0,0,0,0,3263,0,0,0,0,48723,0,0,0,0,55384,80,0,0,0,57505,0,0,0,0,49173,0,0,0,0,60122,0,0,0,0,11828,21591,0,0,0,45770,0,0,0,0,25078,0,0,0,0,0,34069,0,0,0,0,22576,0,0,0,0,38041,0,0,0,0,17826,2,0,2291730,641722
